npm warn Unknown env config "http-proxy". This will stop working in the next major version of npm.

> relative-meta-logic@0.39.0 test
> node ../scripts/run-with-cache.mjs -- node --test --test-concurrency=2 tests/*.test.mjs ../scripts/*.test.mjs

build-cache: before=2495434 after=2495434 reclaimed=0 budget=1073741824 bytes; 1 protected paths; within budget
✔ api-docs.yml: every checkout job bootstraps, archives and always tears down (1.496784ms)
✔ bootstrap.yml: every checkout job bootstraps, archives and always tears down (0.199911ms)
✔ cache-candidate-validation.yml: every checkout job bootstraps, archives and always tears down (0.204969ms)
✔ cache-portability.yml: every checkout job bootstraps, archives and always tears down (0.166671ms)
✔ docker.yml: every checkout job bootstraps, archives and always tears down (0.168664ms)
✔ formal-corpus.yml: every checkout job bootstraps, archives and always tears down (0.242705ms)
✔ issue-183-acceptance.yml: every checkout job bootstraps, archives and always tears down (0.176956ms)
✔ linked-implementation.yml: every checkout job bootstraps, archives and always tears down (0.134232ms)
✔ linked-target.yml: every checkout job bootstraps, archives and always tears down (0.199951ms)
✔ lint-english.yml: every checkout job bootstraps, archives and always tears down (0.218869ms)
✔ orientation-proofs.yml: every checkout job bootstraps, archives and always tears down (0.222745ms)
✔ parity.yml: every checkout job bootstraps, archives and always tears down (0.141784ms)
✔ relational-kernel.yml: every checkout job bootstraps, archives and always tears down (0.093771ms)
✔ tests.yml: every checkout job bootstraps, archives and always tears down (0.182555ms)
✔ docs and parity consume build outputs before cleanup can evict them (0.189024ms)
✔ formal jobs preserve the pinned checkout and own only disposable proof-build copies (0.25258ms)
✔ Docker lifecycle never uses global pruning, remote cache exports, or anonymous persistent target mounts (0.403358ms)
✔ cache categories, bootstrap entry points and compact Cargo profiles remain registered (0.366502ms)
✔ Docker success consumes both images and removes only owned exact resources (2013.943307ms)
✔ Docker failed bootstrap preserves exit status and releases its builder (767.699841ms)
✔ Docker failed build preserves exit status and releases its builder (754.768172ms)
✔ Docker failed smoke test preserves exit status and releases its builder (1305.567752ms)
✔ Docker termination signal preserves exit status and releases its builder (1249.493273ms)
✔ Docker mismatched image ownership fails closed without deleting it (1745.627901ms)
✔ Docker mismatched builder-state labels fail closed without deleting it (272.469439ms)
✔ Docker container ownership mismatch never stops a foreign process and retains its lease (1130.928134ms)
✔ failed Docker container stop preserves the external lease instead of freeing active scratch (1207.735417ms)
✔ a queued lease reloads preceding ownership and preserves preexisting zero-byte files (181.718019ms)
build-cache: before=5 after=0 reclaimed=5 budget=0 bytes; 0 protected paths; within budget
Preparing worktree (detached HEAD 55c2d6b)
✔ a queued lease rejects a changed invalid registry and releases its newly acquired lock (150.791669ms)
✔ cleanup report hard links never overwrite another file (181.011635ms)
✔ managed hook hard links never overwrite another file (170.965477ms)
✔ hook composition hard links never overwrite another file (168.513134ms)
✔ all declared cache classes are reclaimed; full is idempotent; evidence/source survive (395.663627ms)
✔ full cleanup preserves tracked, preexisting and subsequently edited files (276.653807ms)
✔ custom target paths with spaces are owned; external/traversal/source paths rejected (1248.501599ms)
✔ aggregate byte budget enforced without optional cargo-sweep/du/docker tools (204.19138ms)
✔ success, failure and missing commands preserve status and archive output before cleanup (489.590947ms)
✔ retained publish outputs survive budget cleanup until final full cleanup (288.07174ms)
✔ fresh clone bootstrap composes existing hooks; documentation-only commit cleans (454.992568ms)
✔ dependency install skips hooks and cannot change consuming Git configuration (79.260694ms)
✔ symlink escapes and other worktree artifacts cannot be registered or removed (318.376128ms)
✔ active parallel wrapper holds lease; interruption stops child then cleans and keeps logs (1386.949179ms)
✔ pre-run low disk prevents the command and reports why (130.971321ms)
✔ a fresh actual git clone installs executable hooks during bootstrap (208.392124ms)
✔ an existing failing hook still runs cleanup and keeps its nonzero result (308.464592ms)
✔ unleased active Node build is preserved; cleanup succeeds after it exits (474.355747ms)
Preparing worktree (detached HEAD b20d832)
✔ an active Node process in another directory does not block this worktree cleanup (392.46285ms)
✔ macOS process inspection distinguishes exited and zombie builders from inaccessible live builders (1.75985ms)
✔ Windows process inspection uses executable identity and real cwd, preserving unknown live builders (0.685833ms)
✔ source archives require explicit opt-in and still preserve baseline source (213.780979ms)
✔ hook and report state symlinks are rejected without modifying their target (224.808986ms)
✔ over-budget protected data blocks execution and never becomes a passing test (120.758613ms)
✔ hook configuration is per-worktree and never replaces another worktree hook path (190.698135ms)
✔ missing Node is an explicit hook failure instead of silently disabling cleanup (93.988006ms)
✔ new nested clones retain their own sources and uncommitted work while owned targets clean (309.913919ms)
✔ unresolved external resource lease preserves active output and fails the wrapper (352.026199ms)
✔ source-archive symlink state is rejected before creating anything outside the repository (76.593197ms)
✔ shared-filesystem foreign-namespace lease is deferred, never classified dead or removed (284.767308ms)
✔ shared-filesystem foreign-boot lease is deferred, never classified dead or removed (256.252554ms)
✔ shared-filesystem unknown-identity lease is deferred, never classified dead or removed (278.323285ms)
✔ shared-filesystem legacy-owner lease is deferred, never classified dead or removed (259.44741ms)
✔ matching token and colliding live PID never borrow a foreign namespace lease (114.512332ms)
✔ new lease records its process identity before starting the owned command (188.429859ms)
✔ mocked darwin nested wrapper inherits a verified realm and rejects foreign boot/root (21.539966ms)
✔ mocked win32 nested wrapper inherits a verified realm and rejects foreign boot/root (19.737011ms)
▶ corpus parity comparison
  ✔ accepts identical command results (2.1252ms)
  ✔ rejects output divergence (0.242365ms)
  ✔ rejects status divergence (0.125589ms)
✔ corpus parity comparison (3.396484ms)
▶ formal corpus source extractor
  ✔ distinguishes verified declarations from admitted proofs (3.487681ms)
  ✔ extracts complete linked syntax, judgements, bodies, proofs, and dependencies (1.352557ms)
✔ formal corpus source extractor (5.699262ms)
warning: source repository is shallow, ignoring --local
warning: --local is ignored
Note: switching to '7627700475176a833277942011e86c3d56d2b5c0'.

You are in 'detached HEAD' state. You can look around, make experimental
changes and commit them, and you can discard any commits you make in this
state without impacting any branches by switching back to a branch.

If you want to create a new branch to retain commits you create, you may
do so (now or later) by using -c with the switch command. Example:

  git switch -c <new-branch-name>

Or undo this operation with:

  git switch -

Turn off this advice by setting config variable advice.detachedHead to false

✔ fresh checkout with spaces executes evaluator/exporter, meta checker and LSP CLIs (710.299755ms)
✔ the runtime graph is compiled from authoritative addressed-link source (265.385637ms)
✔ the Rust container preserves the shared source paths at compile time (0.301103ms)
✔ the one-name iota basis exposes the same two residual contractions (1.000016ms)
▶ soundness documentation
  ✔ is linked from the README (1.03564ms)
  ✔ cross-links the C2 proof-replay checker implementations (0.241203ms)
  ✔ states the trusted aggregator family for soundness claims (0.21274ms)
✔ soundness documentation (2.514717ms)
▶ generated API reference documentation
  ✔ is linked from the README (0.54439ms)
  ✔ links the online playground from the README (1.12277ms)
  ✔ builds JavaScript and Rust API docs for GitHub Pages on release (0.276457ms)
  ✔ defines a JavaScript docs script for JSDoc generation (0.269015ms)
  ✔ writes a Pages landing page and copies playground assets (63.086388ms)
✔ generated API reference documentation (65.829018ms)
▶ compatibility and release documentation
  ✔ is linked from the README (0.392872ms)
  ✔ covers semver, deprecations, and release cadence (0.299341ms)
  ✔ keeps JavaScript and Rust package versions aligned (0.269125ms)
✔ compatibility and release documentation (1.17546ms)
▶ supported logic type overview documentation
  ✔ mentions probabilistic logic in the continuous valence row (0.516478ms)
  ✔ uses specific Wikipedia references for finite and four-valued logic rows (0.555917ms)
  ✔ keeps the expanded logic references in the README bibliography (0.962038ms)
✔ supported logic type overview documentation (2.176537ms)
▶ self-bootstrap tutorial documentation
  ✔ is linked from the README (0.201554ms)
  ✔ walks through the encoded self-bootstrap files in narrative order (0.136276ms)
✔ self-bootstrap tutorial documentation (0.434214ms)
▶ progressive tutorial documentation
  ✔ links the tutorial path from the README in learning order (0.257338ms)
  ✔ provides a docs/tutorials index in the same learning order (0.110887ms)
  ✔ connects each tutorial to its runnable source material (0.171087ms)
✔ progressive tutorial documentation (0.630279ms)
✔ formal-ai map explicitly evaluates all four requested upstream ideas against pinned source (2.632774ms)
✔ whole-source projection preserves every explicit module independently of syntax validity (440.701829ms)
✔ linked runtime source projection preserves comments and structured roles after network serialization (5.815006ms)
✔ owned source inventory includes nested modules and refuses symbolic-link substitution (2.460556ms)
✔ typed record transport rejects hidden event metadata and does not impose an ontology (3.071946ms)
✔ context-local recalculation leaves another version and the original workspace intact (800.629645ms)
✔ source graph JSON transport preserves metadata and named points while rejecting corruption (3.172738ms)
✔ source JSON transport restores a network larger than the LiNo reader bound without raising that bound (54.835705ms)
✔ indexed/record coverage and all 90 requests regenerate exactly from authoritative source (9206.820947ms)
✔ the additive proposition checkpoint retains its exact reviewed file allowlist and hashes (4.021356ms)
✔ all eight raw NetworkEquivalence sources regenerate 70 checked definitions and 88 shared requests (50314.230749ms)
✔ formal semantic coverage and shared Rust replay cases are reproducible from current sources (1759.078844ms)
▶ architecture-neutral alternative-foundation search
  ✔ runs the same complete workload under three semantic mechanisms (2.386994ms)
  ✔ never ranks candidates whose reductions are structurally asymmetric (0.202335ms)
  ✔ bounds the witness to its host representation without claiming link ontology (0.288114ms)
  ✔ keeps the ontology investigation open and audits imported categories (0.905193ms)
  ✔ derives representation-independent facts from exhaustive link symmetries (284.743299ms)
  ✔ fault-injects every residual semantic law instead of assuming it (0.293822ms)
  ✔ checks a complete universal counter-machine basis and language cores (0.217747ms)
  ✔ keeps the checked-in candidate table synchronized with execution (0.820305ms)
✔ architecture-neutral alternative-foundation search (291.573183ms)
✔ pinned meta-language initializer initializes only the absent exact registered source (3.747994ms)
✔ pinned meta-language initializer leaves a clean populated source unchanged (1.633489ms)
✔ pinned meta-language initializer refuses wrong revision without resetting source (1.880132ms)
✔ pinned meta-language initializer refuses dirty source without resetting source (1.472577ms)
✔ pinned meta-language initializer refuses wrong indexed pointer without resetting source (1.046586ms)
✔ pinned meta-language initializer refuses wrong registered URL without resetting source (1.00926ms)
✔ pinned meta-language initializer refuses wrong local URL without resetting source (2.070317ms)
✔ pinned meta-language initializer refuses unowned populated directories and symlinks (1.83312ms)
✔ source archives and downstream directories never invoke Git (1.497064ms)
✔ the bootstrap installs exact stable core and library packages before checking the oracle (20.18814ms)
✔ only replaced compiler-package pins are removed from the disposable image (19.790491ms)
✔ a stale release-candidate image cannot masquerade as the installed stable oracle (17.734936ms)
✔ package installation failure cannot fall back to the bootstrap compiler (15.913843ms)
▶ execution-backed issue 183 acceptance
  ✔ executes positive and negative behavioral assertions and records the actual command/version (184.479122ms)
  ▶ preserves every incomplete status and fails completion without erasing its evidence
    ✔ Partial (175.535659ms)
    ✔ Open (176.855526ms)
    ✔ Blocked by upstream (177.505856ms)
  ✔ preserves every incomplete status and fails completion without erasing its evidence (530.903738ms)
  ✔ rejects an empty ledger and matching empty inventories (5.554504ms)
  ✔ rejects a missing manifest rather than treating missing rows as complete (4.812317ms)
  ✔ rejects duplicate ledger IDs (4.908391ms)
  ✔ rejects an omitted manifest row even while the remaining tests pass (6.406818ms)
  ▶ rejects deletion of a claimed implementation, test, fixture, or original source
    ✔ implementation.mjs (45.53576ms)
    ✔ behavior.test.mjs (42.276081ms)
    ✔ fixture.json (41.41214ms)
    ✔ sources.json (3.737438ms)
  ✔ rejects deletion of a claimed implementation, test, fixture, or original source (133.707803ms)
  ✔ rejects omission from a nonempty manifest while preserving the independent source inventory (4.192924ms)
  ✔ rejects duplicate manifest rows (3.596336ms)
  ✔ rejects original wording corruption even after the outer snapshot is rehashed (3.820363ms)
  ✔ rejects malformed rows that the old regular expression silently omitted (3.129773ms)
  ✔ rejects a hand-edited status cell and matching labels without execution evidence (215.520992ms)
  ✔ detects a removed required test although the remaining ordinary suite is green (231.139349ms)
  ✔ detects suppressed execution callbacks despite a zero process exit code (168.08549ms)
  ▶ rejects skipped and TODO assertions
    ✔ skip (179.661041ms)
    ✔ todo (185.764067ms)
  ✔ rejects skipped and TODO assertions (365.89148ms)
  ✔ detects semantics replaced by placeholders even after reviewed input pins are updated (163.269163ms)
  ✔ detects a falsified capability declaration through behavior (173.799324ms)
  ✔ does not accept a saved passing report after implementation corruption (210.835476ms)
  ✔ rejects post-execution changes to pinned evidence (167.996206ms)
  ▶ rejects paths outside the repository and symlink escapes
    ✔ traversal (169.078526ms)
    ✔ symlink (37.52695ms)
  ✔ rejects paths outside the repository and symlink escapes (207.039109ms)
  ✔ does not mistake a declared native validation flag for a native test producer (168.071459ms)
  ✔ rejects omitted per-requirement positive or negative assertion edges (174.283764ms)
  ✔ does not promote a passing partial witness by changing only its completion status (355.118934ms)
  ✔ does not accept an assertion binding to a different check or invented test (3.777017ms)
  ✔ parses actual native test receipts and rejects empty filtered ignored or omitted native tests (0.813946ms)
  ✔ selects the real completion job for non-code changes without masking failure (0.339041ms)
  ✔ hashes pinned submodule contents and rejects missing or moved source revisions (115.980183ms)
  ✔ preserves all reviewed sources and the expanded inventory independently of labels (26.414697ms)
✔ execution-backed issue 183 acceptance (3636.508583ms)
✔ scans all six source channels and accepts identical reviewed content (3.235983ms)
✔ paginates conversation, issue comments and review submissions beyond 100 (11.797836ms)
✔ paginates both review threads and their nested comment connections (3.248411ms)
✔ rejects new edited deleted sources, changed bodies and changed thread resolution (3.269203ms)
✔ requires actual live access; a missing token is never a passing offline certificate (0.464339ms)
✔ fails closed on rate limiting, auth failure, server failure and malformed JSON (1.156741ms)
✔ does not expose tokens in network or GraphQL error reports (0.59134ms)
✔ rejects off-repository pagination without sending a token there (0.433863ms)
✔ rejects duplicated pages and REST/GraphQL disagreement rather than truncating (0.635477ms)
✔ does not bless new source digests without preserving and reviewing the actual source text (0.877241ms)
▶ issue 183 requirement traceability
  ✔ registers every requirement-bearing issue and PR source (1.332697ms)
  ✔ tracks a contiguous atomic requirement set with truthful status and evidence (3.1014ms)
  ✔ keeps traceability validation separate from the deliberately failing final gate (27.204956ms)
  ✔ states the claim boundary without hiding the external semantic laws (1.777858ms)
  ✔ rejects issue-closing metadata while foundational requirements remain open (2.054804ms)
  ✔ repairs the live PR body rather than a stale event snapshot (1.9787ms)
  ✔ only reads a live body that no longer needs repair (1.006265ms)
  ✔ refuses to rewrite a closing directive inside other text (0.824051ms)
  ✔ ignores every other pull request (0.644451ms)
  ✔ runs the PR 184 metadata repair on every pull-request event type (0.277608ms)
  ✔ checks the live PR 184 body on every GitHub PR event (0.12613ms)
✔ issue 183 requirement traceability (41.628065ms)
▶ issue #26 filed plan metadata
  ✔ tracks 66 feature issues plus the J-EPIC tracking issue (1.161739ms)
  ✔ keeps the committed issue numbers unique and anchored to GitHub issues (0.215695ms)
  ✔ has valid dependency references and no cycles (0.4254ms)
  ✔ passes the standalone validator used by the filing workflow (53.450528ms)
  ✔ renders filed issue bodies with real cross-references in dry-run update mode (58.729418ms)
✔ issue #26 filed plan metadata (115.002796ms)
▶ issue #26 documentation consistency
  ✔ uses the canonical comparison document names for active source links (1.278665ms)
  ✔ states the corrected issue counts in the plan and completion audits (0.709598ms)
  ✔ keeps the filed-issue index aligned with the generated state file (1.166847ms)
  ✔ documents the verification commands for unit, integration, and e2e coverage (0.201624ms)
✔ issue #26 documentation consistency (3.663566ms)
✔ complete evidence preserves the valid candidate (1.881804ms)
✔ relocated applicability remains explicit (0.293101ms)
✔ two complete certificates remain ambiguous (0.412191ms)
✔ missing evidence is rejected (0.152389ms)
✔ duplicate membership evidence is rejected (0.142214ms)
✔ foreign mapping evidence is rejected (0.111849ms)
✔ extra dangling membership evidence is rejected (0.115664ms)
✔ extra ambiguously addressed membership evidence is rejected (0.104367ms)
✔ contradictory concrete identity is rejected (0.135474ms)
✔ duplicated addressed record is rejected (0.148183ms)
✔ malformed short record is rejected (0.100351ms)
✔ empty description is rejected (0.077847ms)
✔ ambient existence does not confer applicability in another context (0.217057ms)
✔ fixed miss before wildcard (7.443138ms)
✔ wildcard before fixed miss (5.357968ms)
✔ fixed misses before repeated variable failure (2.972476ms)
✔ fixed misses after fallback match are not observed (2.711162ms)
✔ quoted variable-looking head is literal (2.78879ms)
✔ bare question-mark head is literal (2.884494ms)
✔ variable head stays fallback (1.905439ms)
✔ leaf candidate cannot match a fixed array pattern (1.555112ms)
✔ leaf candidate cannot match an array with a variable (1.52084ms)
✔ nested singleton candidate head stays distinct (1.661502ms)
✔ nested comma candidate head stays distinct (1.536543ms)
✔ nested pattern head stays fallback (2.212742ms)
✔ empty pattern stays fallback (1.690526ms)
✔ empty head and nested empty candidate (1.592558ms)
✔ empty candidate does not dispatch (1.577355ms)
✔ same leading symbol different arities (1.851338ms)
✔ matching child after incompatible parent (2.002345ms)
✔ matching head child is visited first (2.090628ms)
✔ root priority over child match (1.701933ms)
✔ no rules (1.209241ms)
✔ only fixed mismatches (1.561592ms)
✔ cycle keeps exact classification (1.715193ms)
✔ stall keeps exact classification (1.634081ms)
✔ import rebinding can change a fixed head into a variable (0.207473ms)
✔ dispatch is rebuilt after public program mutation between reductions (0.645102ms)
✔ substitution and all trace snapshots remain independently owned (0.290928ms)
✔ public matcher still has exactly the same callback event sequence (0.446553ms)
✔ shared input DAGs do not introduce shared result or trace ownership (0.279871ms)
✔ Horn execution remains on its original no-reduction path (0.169666ms)
✔ deterministic mixed-head fixtures preserve full traces and observer reports (23.570233ms)
✔ repeated variable succeeds (11.650634ms)
✔ repeated variable fails (4.706597ms)
✔ late fixed guard fails after a large binding (4.728641ms)
✔ nested traversal (2.910884ms)
✔ local rules precede imported rebound rules (4.027905ms)
✔ rebinding retains source order (2.409929ms)
✔ leaf and singleton array remain distinct (2.113132ms)
✔ empty array and empty atom remain distinct (1.993081ms)
✔ wildcard first rule (1.657326ms)
✔ stall failure (2.222887ms)
✔ cycle failure (1.85273ms)
✔ exact limit and invalid-bound failure contracts (3.823317ms)
✔ disabled first-error and complete observer contract: bind-pattern-variables (5.414553ms)
✔ disabled first-error and complete observer contract: compare-link-structure (4.910754ms)
✔ disabled first-error and complete observer contract: substitute-bound-structures (4.781731ms)
✔ disabled first-error and complete observer contract: select-and-traverse-rewrite-rules (4.252984ms)
✔ public matching still returns detached substitutions and identical ordered observer events (0.449627ms)
✔ private borrowed substitutions cannot alias returned normal forms or full traces (0.809459ms)
✔ nat-zero-checks-both-branches (1031.578576ms)
✔ nat-successors-use-induction-hypothesis (3181.593018ms)
✔ nat-annotated-step-binders (1320.84308ms)
✔ nat-dependent-vector-concrete (3682.551243ms)
✔ nat-dependent-vector-symbolic (2502.513968ms)
✔ nat-motive-captures-outer-index (2940.855194ms)
✔ nat-mutated-motive-value (57.297759ms)
✔ nat-mutated-motive-domain (52.552584ms)
✔ nat-mutated-base-on-zero (71.21773ms)
✔ nat-mutated-step-on-zero (884.23056ms)
✔ nat-mutated-step-annotation (333.600599ms)
✔ nat-mutated-target (45.171481ms)
✔ nat-mutated-vector-base-index (139.069005ms)
✔ nat-mutated-vector-step-index (1548.102036ms)
✔ nat-mutated-induction-dependency (1414.553983ms)
✔ nat-mutated-missing-global-dependency (949.363105ms)
✔ nat-mutated-global-dependency-type (1192.766588ms)
✔ nat-mutated-step-on-symbolic-target (1312.689076ms)
✔ list-nil-checks-both-branches (4945.31276ms)
✔ list-cons-use-induction-hypothesis (12869.164715ms)
✔ list-symbolic-preserves-checked-branches (6794.637502ms)
✔ list-dependent-vector-symbolic (10740.793646ms)
✔ list-dependent-vector-concrete (12928.2905ms)
✔ list-offset-parameter-changes-recursive-call (29759.895997ms)
✔ list-mutated-motive-value-on-nil (81.543088ms)
✔ list-mutated-motive-domain (55.934146ms)
✔ list-mutated-base-on-nil (80.974361ms)
✔ list-mutated-step-on-nil (4810.562263ms)
✔ list-mutated-head-type (1203.019686ms)
✔ list-mutated-tail-type (2372.719975ms)
✔ list-mutated-induction-hypothesis-type (3749.980728ms)
✔ list-mutated-vector-base-index (204.10796ms)
✔ list-mutated-vector-step-index (7890.589509ms)
✔ list-mutated-induction-dependency (7479.236393ms)
✔ list-mutated-step-on-symbolic-target (6518.632314ms)
✔ list-mutated-target (56.063732ms)
✔ list-untyped-nil-does-not-guess-element (48.310186ms)
{"sourceFreeEditorTests":4,"sourceFreeLspTests":2,"sourceFreePlaygroundTests":4}
✔ discovery covers maintained editor, browser, examples and Rust targets with explicit provider/evidence roles (718.459207ms)
✔ a new executable outside legacy source roots changes the complete inventory and cannot hide in an unsupported language (2.307885ms)
✔ Rust source modules cannot hide implementation behind a test-like filename (1.076692ms)
✔ public entrypoints and static imports cannot point into unrepresented evidence or escape the repository (1.968805ms)
✔ the ordinary current-tree guard rejects a new outside-root executable and an unrepresented public entrypoint (7566.80622ms)
✔ source-free generated VS Code packaging, existing editor/LSP tests and playground tests execute (2700.095899ms)
✔ replacing editor-selection Links changes actual generated extension activation on unchanged host capabilities (3387.232075ms)
✔ replacing a diagnostic decision in Link AST changes a real source-free LSP response (3775.679546ms)
✔ the ordinary test suite rejects current-checkout source or provider drift (2729.590491ms)
✔ the configuration graph supplies real build settings and direct linked library inputs (620.606474ms)
✔ configuration refuses omitted providers and escaping output paths (811.495608ms)
✔ ordinary-build guard rejects added host modules and changed dependency settings (9551.113492ms)
✔ ordinary operations refuse stale implementation before executing their command (95.641108ms)
✔ explicit migration succeeds only after its command establishes a current implementation (335.848637ms)
✔ a successful migration command cannot hide a failed final authority check (183.312405ms)
✔ migration preserves a failed command status and never labels its sources verified (182.810284ms)
✔ migration cannot omit its authority checker (88.349163ms)
✔ result sharing preserves fixed miss before wildcard (6.626248ms)
✔ result sharing preserves wildcard before fixed miss (5.142143ms)
✔ result sharing preserves repeated variable failure (2.852045ms)
✔ result sharing preserves fallback before fixed mismatch (2.295787ms)
✔ result sharing preserves quoted variable-looking head (2.07187ms)
✔ result sharing preserves bare question-mark head (2.171961ms)
✔ result sharing preserves variable head (3.418508ms)
✔ result sharing preserves leaf candidate versus array pattern (1.854162ms)
✔ result sharing preserves leaf candidate cannot bind an array pattern (1.315341ms)
✔ result sharing preserves nested singleton head (1.951649ms)
✔ result sharing preserves nested comma head (1.677386ms)
✔ result sharing preserves nested pattern head (1.549934ms)
✔ result sharing preserves empty pattern (2.229988ms)
✔ result sharing preserves empty atom and nested empty candidate (1.924909ms)
✔ result sharing preserves empty candidate (1.709554ms)
✔ result sharing preserves same head and different arities (1.814152ms)
✔ result sharing preserves child after incompatible parent (2.025429ms)
✔ result sharing preserves head child before tail (2.029235ms)
✔ result sharing preserves root before child (1.735202ms)
✔ result sharing preserves no rules (1.10885ms)
✔ result sharing preserves only fixed mismatches (1.554431ms)
✔ result sharing preserves cyclic rewrite (2.00569ms)
✔ result sharing preserves stalled child after normal sibling (1.711737ms)
✔ result sharing preserves array-to-leaf rewrite makes structural progress (1.498115ms)
✔ result sharing preserves every generic recursion normal form, step, and observer set (55896.411246ms)
✔ shared substitutions still reduce each occurrence and return independent owned copies (0.494084ms)
✔ normal-subtree caches cannot survive rule, import, or program changes between calls (0.727345ms)
✔ rebinding a fixed rule head into a variable retains its ordered fallback semantics (0.185119ms)
✔ quotes, malformed inputs, and externally shared normal DAGs retain their contracts (0.767746ms)
✔ result sharing retains both foundation observer path segments (0.547094ms)
✔ mixed deterministic terms preserve result-only outcomes and first disabled errors (19.993026ms)
✔ linked implementation manifest pins structured ASTs and generated artifacts for the complete snapshot inventory (1539.573444ms)
✔ Babel 8 BigInt literals preserve exact values through structured Links and generation (14.283169ms)
✔ graph serialization stores only Links and preserves values including Unicode, negative zero, and prototype-like keys (0.593323ms)
✔ graph restoration refuses missing, cyclic, malformed and exponentially expanding syntax (23.307348ms)
✔ source-free generation executes the real LiNo parser, formal terms, proof verifier and K0 compiler (8133.30085ms)
✔ replacing parser and elaboration AST Links changes behavior on the unchanged generator and runtime substrate (6242.778017ms)
✔ replacing verifier and bracket compiler AST Links changes semantic decisions without callbacks (5602.827235ms)
✔ the archive generates its own codec and generator and reaches an exact second-generation fixed point (6268.208095ms)
✔ consistency rejects omitted modules and host-only semantic edits instead of silently capturing them (8333.256041ms)
✔ Rust implementation archive contains typed syntax for every pinned runtime and companion module (341.306629ms)
✔ Rust authority can be edited structurally and restored with no source buffer (1507.358302ms)
✔ Rust archive refuses a path escape instead of writing outside its generated tree (1230.990054ms)
✔ pure Link model executes real proof quotation and compiles adapter expressions (43.378129ms)
✔ independent memory planner agrees byte-for-byte with generated target and rejects corruption (5.019889ms)
✔ Link layout and program replacements change actual generated storage and verdicts (4.525564ms)
▶ tokenize()
  ✔ strips comments and tracks 1-based positions (1.12276ms)
✔ tokenize() (1.936876ms)
▶ parseLinks()
  ✔ builds a tree of nested lists and atoms (1.006496ms)
  ✔ reports unmatched parens (0.433543ms)
✔ parseLinks() (1.675503ms)
▶ checkIdentifierShape()
  ✔ flags underscore identifiers (0.484599ms)
  ✔ flags camelCase identifiers (0.209645ms)
  ✔ accepts single-word lowercase identifiers (0.196195ms)
  ✔ accepts single-word PascalCase type names (0.167522ms)
  ✔ accepts already-hyphenated identifiers (0.149826ms)
  ✔ does not flag reserved keywords or symbols (0.138869ms)
  ✔ does not flag numeric literals (0.181744ms)
✔ checkIdentifierShape() (1.908984ms)
▶ suggestKebab()
  ✔ lowercases and joins underscores with hyphens (0.169786ms)
  ✔ splits camelCase boundaries (0.130387ms)
✔ suggestKebab() (0.398921ms)
▶ isOperatorOnlyDefinition()
  ✔ flags operator-only definition with a body containing no English word (0.256987ms)
  ✔ does not flag operator-only definition with English connective in body (0.086961ms)
  ✔ does not flag definitions whose head is a regular identifier (0.068884ms)
  ✔ does not flag queries (0.088914ms)
✔ isOperatorOnlyDefinition() (0.620144ms)
▶ suggestWordForm()
  ✔ returns a known suggestion for built-in operators (0.1124ms)
  ✔ falls back to a generic placeholder for unknown operators (0.056405ms)
✔ suggestWordForm() (0.267813ms)
▶ lintFile() — end-to-end on inline sources
  ✔ returns no violations for a clean program (0.324378ms)
  ✔ flags underscore identifiers with line/col information (0.178979ms)
  ✔ flags operator-only definitions (0.164278ms)
  ✔ respects identifier allow-list (0.095494ms)
  ✔ respects link allow-list keyed by basename:line (0.13248ms)
  ✔ preserves externally defined identifiers in an allowed manifest file (0.191097ms)
  ✔ reports parse errors instead of crashing (0.098949ms)
✔ lintFile() — end-to-end on inline sources (1.367709ms)
▶ loadAllowlist()
  ✔ returns an empty allow-list when no path is provided (0.134442ms)
  ✔ parses identifiers and links from a JSON file (0.568166ms)
  ✔ throws on missing file (0.113241ms)
  ✔ throws on malformed JSON (0.379862ms)
✔ loadAllowlist() (1.349402ms)
▶ CLI
  ✔ exits 0 when all bundled examples and libraries are clean (71.385192ms)
  ✔ exits 1 and prints a diagnostic for a known violation (52.721929ms)
  ✔ --help prints usage and exits 0 (51.956186ms)
  ✔ exits 2 when no files are supplied (52.415057ms)
  ✔ honours an allow-list file passed via --allowlist (55.335555ms)
✔ CLI (284.112609ms)
✔ measurement snapshots preserve indexed dependency source and independent Git identity (73.833148ms)
✔ measurement refuses dirty dependency source without resetting it (43.051868ms)
✔ measurement refuses a different dependency revision even when its worktree is clean (50.714867ms)
✔ the two native proof sources retain the same audited theorem obligations (1.447339ms)
✔ proof holes, extra assumptions, inventory loss, and empty native checks fail closed (1.30817ms)
✔ recorded native result matches these sources and includes both kernels and rejected counterclaims (1.502423ms)
✔ dedicated CI requires real Lean and Rocq checks and owned-cache teardown (0.827115ms)
✔ an absent requested compiler fails instead of skipping native checking (52.07213ms)
▶ browser playground static site
  ✔ ships the static assets needed by GitHub Pages (0.681336ms)
  ✔ defines runnable embedded examples (0.673254ms)
  ✔ round-trips source through URL hash state (1.418827ms)
  ✔ evaluates every embedded example in the browser runtime (23.028637ms)
✔ browser playground static site (26.709909ms)
✔ the exact maintained native proof toolchains reject stale and prerelease versions (1.646029ms)
✔ both maintained proof workflows install exact Lean and digest-pinned Rocq (0.459733ms)
✔ the archived upstream toolchain and all general proof obligations are preserved (0.901257ms)
✔ preserves all original formal source bytes configurations and license at the requested Git revision (3.22787ms)
✔ the archived raw source reconstructs exactly the trusted 229-declaration semantic corpus (1348.021972ms)
✔ detects comment and layout corruption even when the semantic-token fingerprint is unchanged (2460.784038ms)
✔ rejects deleted source and omitted or duplicated manifest entries (4.550872ms)
✔ rejects source replacement by a symlink before reading outside the archive (1.597746ms)
✔ preserves opaque link-valued elements and direct or indirect cycles in every finite sequence layout (3.918721ms)
✔ distinguishes nested singleton sets while preserving duplicate elimination and Unicode address order (0.711581ms)
✔ constructor boundaries survive snapshot reconstruction and later definition of element addresses (0.354113ms)
✔ rejects missing or corrupt constructors unknown tags dangling branches and duplicate identities (1.271946ms)
✔ rejects structural cycles and bounds repeated shared syntax without traversing element cycles (1.031122ms)
✔ rejects colliding generated references atomically and rejects malformed or duplicate set views (0.498681ms)
✔ bounds input sequences and decodes deep finite doublet layouts without host recursion (19.118509ms)
✔ matches the shared cross-runtime doublet snapshot for nested singleton sets (0.436037ms)
▶ (domain automatic-sequences ...) decides registered examples
  ✔ decides the classic Thue-Morse cube-free theorem (6.313777ms)
  ✔ can be queried directly as a domain decision form (1.429683ms)
✔ (domain automatic-sequences ...) decides registered examples (8.628272ms)
▶ (domain automatic-sequences ...) reports unsupported requests
  ✔ rejects an unknown theorem with E041 (0.747396ms)
  ✔ rejects an unknown domain plugin with E041 (0.57774ms)
✔ (domain automatic-sequences ...) reports unsupported requests (1.489202ms)
▶ bidirectional checker — synth
  ✔ synthesises bare term types from `(name: T name)` declarations (2.883201ms)
  ✔ synthesises (Type N) at universe (Type N+1) (1.1551ms)
  ✔ synthesises (Pi (A x) B) at (Type 0) (0.308344ms)
  ✔ synthesises a lambda by extending the context with its bound parameter (0.443979ms)
  ✔ synthesises an application by substituting the argument into the codomain (0.641897ms)
  ✔ synthesises (subst term x repl) by reducing first (0.362356ms)
  ✔ reports E020 when a bare symbol has no recorded type (0.446312ms)
  ✔ reports E022 when an application head is not a Pi-type (0.396787ms)
  ✔ reports E024 for malformed lambda binders (0.322375ms)
✔ bidirectional checker — synth (8.142762ms)
▶ bidirectional checker — check
  ✔ accepts a term whose synthesised type definitionally matches (0.529517ms)
  ✔ checks a lambda directly against its Pi-type without round-tripping (1.114047ms)
  ✔ reports E021 on definitional type mismatch (0.441875ms)
  ✔ reports E023 when a lambda is checked against a non-Pi type (0.256226ms)
  ✔ reports E021 when a lambda parameter type does not match its Pi domain (0.231098ms)
  ✔ accepts numeric literals against any annotation (0.183246ms)
  ✔ respects an extended context: parameter type drives body checking (0.323918ms)
✔ bidirectional checker — check (3.398287ms)
▶ bidirectional checker — examples/dependent-types.lino
  ✔ checks each declaration in the canonical dependent-types example (6.973681ms)
✔ bidirectional checker — examples/dependent-types.lino (7.061403ms)
✔ accepts the current K0 report against an independent boundary inventory (2.088735ms)
✔ rejects missing primitive reasons for every declared boundary operation (0.831693ms)
✔ rejects missing trust graph dependency targets (0.207462ms)
✔ rejects trust graph dependency cycles including bootstrap nodes (0.258569ms)
✔ rejects public paths with a branch that does not terminate in K0 (0.257247ms)
✔ rejects a nonprimitive terminal despite a forged primitive reason (0.181774ms)
✔ rejects an omitted public bootstrap path (0.265169ms)
✔ rejects a declared boundary operation missing from the trust graph (0.233702ms)
✔ rejects an implemented operation absent from the supplied report (0.206041ms)
✔ rejects a reported operation absent from the independent implementation list (0.238008ms)
✔ rejects irreducibility claims with or without a written criterion (0.210838ms)
✔ rejects a current boundary report without a fixed-point criterion (0.19214ms)
✔ rejects a boundary operation without a minimization experiment (0.194122ms)
✔ rejects duplicate trust graph node identities (0.240172ms)
✔ rejects duplicate report and implementation operation identities (0.237508ms)
✔ rejects a bootstrap graph node absent from the boundary inventory (0.174733ms)
✔ rejects a report from an unsupported bootstrap scope (0.146971ms)
✔ the default audit rejects an unreported implementation operation (0.17312ms)
▶ replay acceptance: structural-equality witness
  ✔ replays the canonical (by structural-equality (a a)) witness (5.546812ms)
  ✔ accepts an explicit trusted SMT decision node (0.553033ms)
  ✔ matches proofs emitted by the evaluator for a varied program (8.966102ms)
✔ replay acceptance: structural-equality witness (15.915446ms)
▶ rule-name mutations
  ✔ rejects wrong rule for structural equality (0.589948ms)
  ✔ rejects assigned rule when no assignment exists (0.429486ms)
  ✔ rejects swapped arithmetic rule (0.416067ms)
✔ rule-name mutations (1.696936ms)
▶ operand mutations
  ✔ rejects wrong operands in equality pair (0.506602ms)
  ✔ rejects wrong literal inside arithmetic subtree (0.417859ms)
✔ operand mutations (1.135389ms)
▶ payload mutations
  ✔ rejects wrong reduce payload (0.44545ms)
  ✔ rejects wrong definition payload (0.410468ms)
  ✔ rejects wrong configuration payload (0.353232ms)
  ✔ rejects wrong assigned-probability payload (0.455947ms)
✔ payload mutations (1.864027ms)
▶ arity / shape mutations
  ✔ rejects missing subtree (0.330337ms)
  ✔ rejects extra subtree (0.334814ms)
  ✔ rejects non-by node at top level (0.263206ms)
✔ arity / shape mutations (1.074538ms)
▶ pairing mutations
  ✔ rejects too few proofs for program (0.453653ms)
  ✔ rejects too many proofs for program (0.388355ms)
  ✔ reports a source that is not LiNo against its role and position (3.21462ms)
✔ pairing mutations (4.169238ms)
▶ composite chains
  ✔ replays composite both chain (0.651831ms)
  ✔ rejects mutated composite chain (0.235815ms)
✔ composite chains (0.968438ms)
▶ result agreement: replay does not depend on truth values
  ✔ checker accepts the evaluator output and rejects rule-mutated stream (1.477015ms)
✔ result agreement: replay does not depend on truth values (1.540129ms)
▶ result aggregation
  ✔ reports count of replayed derivations (0.367002ms)
  ✔ evaluator results match independently when proof replay succeeds (0.536037ms)
✔ result aggregation (0.98996ms)
▶ (coinductive ...) parser form
  ✔ records the type, every constructor, and the corecursor on the Env (8.484987ms)
  ✔ rejects a coinductive declaration with no constructors (0.743159ms)
  ✔ rejects a malformed constructor clause (0.57071ms)
  ✔ rejects a constructor declared more than once (1.183692ms)
  ✔ rejects a constructor whose Pi-type does not return the coinductive type (1.864968ms)
  ✔ rejects a type name that does not start with an uppercase letter (0.663539ms)
✔ (coinductive ...) parser form (14.55024ms)
▶ productivity check (guarded corecursion)
  ✔ rejects a declaration whose constructors are all non-recursive (non-productive) (0.735517ms)
  ✔ accepts a declaration where at least one constructor is recursive (0.767015ms)
  ✔ accepts a declaration mixing constant and recursive constructors (0.686013ms)
✔ productivity check (guarded corecursion) (2.468197ms)
▶ generated corecursor type-checks
  ✔ builds Stream-corec with the standard coiteration Pi-type (0.27247ms)
  ✔ records the corecursor type so (type of Stream-corec) succeeds (1.061278ms)
  ✔ membership query holds for the corecursor against its synthesised type (0.807375ms)
✔ generated corecursor type-checks (2.276568ms)
▶ Streams are definable
  ✔ declares Stream with a single recursive constructor and a corecursor (0.865444ms)
✔ Streams are definable (0.942739ms)
▶ Conat (coinductive Naturals) is definable
  ✔ records the type and constructors and treats it as productive (0.572992ms)
✔ Conat (coinductive Naturals) is definable (0.653404ms)
▶ corecursor participates in the bidirectional checker
  ✔ synth(Stream-corec) returns the generated dependent Pi-type (2.23147ms)
  ✔ check accepts a constructor against the recorded type (0.938884ms)
✔ corecursor participates in the bidirectional checker (3.264085ms)
▶ CONCEPTS-COMPARISON / FEATURE-COMPARISON: document structure
  ✔ the renamed (COMPARISON) files exist and are non-trivial (1.808753ms)
  ✔ the old (COMPARISION) filenames remain as compatibility stubs (0.238529ms)
  ✔ the expanded legend advertises Kernel/Library/Encoding/Runtime/Host/External/Prototype/Theory (1.118905ms)
  ✔ the systems list separates provers/frameworks/languages from libraries/archives (0.255976ms)
  ✔ drops the misleading "no ATP bridge" / "no independent proof replay" RML claims (0.255645ms)
  ✔ includes the RML status note explaining host-implemented + runtime configuration (0.208133ms)
  ✔ adds the equality-layers row distinguishing structural / assigned / numeric / definitional (0.294624ms)
  ✔ rewrites Lambda Prolog / Twelf rows to avoid HOL-style theorem-proving / tactic claims (0.296196ms)
  ✔ marks RML numeric/many-valued semantics as Yes (Runtime + Host) (0.281564ms)
✔ CONCEPTS-COMPARISON / FEATURE-COMPARISON: document structure (5.873855ms)
▶ CONCEPTS-COMPARISON: RML claims match the JS implementation
  ✔ whnf and nf exist for the typed lambda fragment (0.312901ms)
  ✔ (normal-form ...) is exercised by the self-evaluator (5.931341ms)
  ✔ (inductive ...) and (coinductive ...) declarations are parseable (0.109144ms)
  ✔ (total ...), termination, and coverage forms are exposed (0.071598ms)
  ✔ structural and definitional equality both exist (0.095935ms)
  ✔ tactic links and proof-building primitives are exposed (0.09965ms)
  ✔ SMT and ATP bridges accept (by smt ...) / (by atp ...) tactic forms (2.594317ms)
  ✔ independent proof-replay checker is shipped as a separate module (0.150737ms)
✔ CONCEPTS-COMPARISON: RML claims match the JS implementation (9.738204ms)
▶ linked probability and confidence dependency policies
  ✔ carries separate probability confidence and linked source dependencies under selected policies (104.940752ms)
  ✔ requires explicit event independence and separately requires confidence independence for multiplication (135.326466ms)
  ✔ does not turn probability one or confidence zero into object-level truth or falsity (12.286251ms)
  ✔ rejects out-of-range and zero-denominator estimates without inventing a probability or proof (48.828646ms)
  ✔ rechecks changed observation confidence and dependencies while preserving unrelated statements (125.113553ms)
  ✔ replaces a linked combination policy and invalidates only the selected foundation closure (107.330609ms)
  ✔ changes probability independently and exposes closed S/K evidence and bounded exhaustion (6241.125591ms)
✔ linked probability and confidence dependency policies (6776.336103ms)
✔ elaborate owned JavaScript AST: loop-state-output (28.009817ms)
✔ elaborate owned JavaScript AST: mutual-recursion (7.308775ms)
✔ elaborate owned JavaScript AST: module-alias-and-effects (3.679741ms)
✔ elaborate owned JavaScript AST: lexical-shadowing (2.077017ms)
✔ elaborate owned JavaScript AST: short-circuit-effects (3.631679ms)
✔ elaborate owned JavaScript AST: evaluation-order (2.585013ms)
✔ elaborate owned JavaScript AST: assignment-result-snapshot (2.094314ms)
✔ elaborate owned JavaScript AST: break-and-reassignment (4.405774ms)
✔ elaborate owned JavaScript AST: negative-and-conditional (2.061323ms)
✔ elaborate owned JavaScript AST: recursive-output-trace (1.84552ms)
✔ elaborate owned JavaScript AST: fuel-is-not-divergence (1.009491ms)
✔ elaborate owned JavaScript AST: checked-overflow (0.92318ms)
✔ JavaScript semantic obligation: temporal-dead-zone (0.774036ms)
✔ JavaScript semantic obligation: outer-binding-is-shadowed-for-whole-block (0.395466ms)
✔ JavaScript semantic obligation: constant-assignment (0.302616ms)
✔ JavaScript semantic obligation: null-is-not-undefined (0.215514ms)
✔ JavaScript semantic obligation: fractional-division (0.317949ms)
✔ JavaScript semantic obligation: dynamic-coercion (0.249756ms)
✔ JavaScript semantic obligation: heap-reference (0.760806ms)
✔ JavaScript semantic obligation: closure (0.547264ms)
✔ JavaScript semantic obligation: async (0.384999ms)
✔ JavaScript semantic obligation: exception (0.228294ms)
✔ JavaScript semantic obligation: shadowed-console (0.212971ms)
✔ JavaScript semantic obligation: undeclared-effect (0.381004ms)
✔ JavaScript semantic obligation: unknown-call (0.23221ms)
✔ JavaScript semantic obligation: unsafe-literal (0.242635ms)
✔ JavaScript semantic obligation: fallthrough (0.201884ms)
✔ elaborate owned Rust AST: rust-loop-output (4.479805ms)
✔ elaborate owned Rust AST: rust-same-scope-shadowing (1.466949ms)
✔ elaborate owned Rust AST: rust-range-snapshot (2.854368ms)
✔ elaborate owned Rust AST: rust-mutual-recursion (3.758389ms)
✔ elaborate owned Rust AST: rust-conditional (1.230273ms)
✔ elaborate owned Rust AST: rust-immutable-assignment (0.289686ms)
✔ elaborate owned Rust AST: rust-immutable-parameter (0.156186ms)
✔ elaborate owned Rust AST: rust-immutable-loop-binding (0.254143ms)
✔ elaborate owned Rust AST: rust-borrow-obligation (0.161744ms)
✔ elaborate owned Rust AST: rust-unsafe-obligation (0.090276ms)
✔ elaborate owned Rust AST: rust-async-obligation (0.068252ms)
✔ elaborate owned Rust AST: rust-generic-obligation (0.061863ms)
✔ elaborate owned Rust AST: rust-const-obligation (0.055403ms)
✔ elaborate owned Rust AST: rust-abi-obligation (0.055824ms)
✔ elaborate owned Rust AST: rust-macro-obligation (0.07947ms)
✔ elaborate owned Rust AST: rust-undeclared-output (0.350799ms)
✔ official source ingress distinguishes preservation from checked scalar semantics (116.505445ms)
✔ owned syntax rejects cycles and excessive depth before recursive lowering (0.393493ms)
✔ the AST-reconstructed generator emits a correct standalone JavaScript machine (20.816376ms)
✔ Syn 3 safety and modifier fields cannot silently bypass scalar obligations (1.050041ms)
✔ typed control flow, linked reload and generated JavaScript: loop-state-output (21.228572ms)
✔ typed control flow, linked reload and generated JavaScript: mutual-recursion (13.566429ms)
✔ typed control flow, linked reload and generated JavaScript: module-alias-and-effects (4.685315ms)
✔ typed control flow, linked reload and generated JavaScript: lexical-shadowing (2.724323ms)
✔ typed control flow, linked reload and generated JavaScript: short-circuit-effects (5.453592ms)
✔ typed control flow, linked reload and generated JavaScript: evaluation-order (2.034703ms)
✔ typed control flow, linked reload and generated JavaScript: assignment-result-snapshot (2.057508ms)
✔ typed control flow, linked reload and generated JavaScript: break-and-reassignment (4.162728ms)
✔ typed control flow, linked reload and generated JavaScript: negative-and-conditional (2.615539ms)
✔ typed control flow, linked reload and generated JavaScript: recursive-output-trace (3.337165ms)
✔ typed control flow, linked reload and generated JavaScript: fuel-is-not-divergence (1.888764ms)
✔ typed control flow, linked reload and generated JavaScript: checked-overflow (1.443103ms)
✔ control-flow rejection: duplicate-register (0.492671ms)
✔ control-flow rejection: unresolved-call (0.251528ms)
✔ control-flow rejection: uninitialized (0.235575ms)
✔ control-flow rejection: type-confusion (0.170497ms)
✔ control-flow rejection: unresolved-branch (0.197798ms)
✔ control-flow rejection: undeclared-output (0.205069ms)
✔ control-flow rejection: unknown-operation (0.225019ms)
✔ control-flow rejection: hidden-field (0.15963ms)
✔ control-flow rejection: dangling-export (0.171488ms)
✔ control-flow rejection: unknown-type (0.104257ms)
✔ control-flow rejection: out-of-domain-constant (0.1194ms)
✔ control-flow rejection: negative-zero (0.169175ms)
✔ definite assignment intersects both branch paths, including loops (0.578151ms)
✔ calls propagate effects through recursion and cannot reach private modules (0.633625ms)
✔ numeric failures, fuel exhaustion and argument rejection remain distinct (0.267503ms)
✔ shared control-flow negative: duplicate-register (0.129645ms)
✔ shared control-flow negative: unresolved-call (0.155234ms)
✔ shared control-flow negative: uninitialized (0.132049ms)
✔ shared control-flow negative: type-confusion (0.129936ms)
✔ shared control-flow negative: unresolved-branch (0.10016ms)
✔ shared control-flow negative: undeclared-output (0.121443ms)
✔ shared control-flow negative: unknown-operation (0.089585ms)
✔ shared control-flow negative: hidden-proof-field (0.05925ms)
✔ shared control-flow negative: dangling-export (0.06667ms)
✔ shared control-flow negative: unknown-result-type (0.055554ms)
✔ shared control-flow negative: overflowing-literal (0.081703ms)
✔ shared control-flow negative: unreachable-block (0.094753ms)
✔ shared control-flow negative: undeclared-branch-type (0.101222ms)
✔ shared control-flow negative: missing-parameter-types (0.057357ms)
✔ shared control-flow negative: missing-call-arguments (0.086631ms)
✔ shared control-flow negative: duplicate-exports (0.039219ms)
✔ shared control-flow negative: unsupported-effect (0.076215ms)
✔ shared control-flow negative: oversized-name (0.090546ms)
✔ linked instruction replacement changes execution and native target output (2.378421ms)
✔ scalar operation contract: add-positive (0.724591ms)
✔ scalar operation contract: sub-negative (0.661827ms)
✔ scalar operation contract: mul-negative (0.752543ms)
✔ scalar operation contract: div-negative (0.588376ms)
✔ scalar operation contract: mod-negative (0.5974ms)
✔ scalar operation contract: less-negative (0.647274ms)
✔ scalar operation contract: less-equal-reflexive (0.587124ms)
✔ scalar operation contract: equality-bool (0.614575ms)
✔ scalar operation contract: and-bools (0.56393ms)
✔ scalar operation contract: or-bools (0.6046ms)
✔ scalar operation contract: not-bool (0.594014ms)
✔ scalar operation contract: copy-unit (0.565542ms)
✔ scalar operation contract: division-by-zero (0.187663ms)
✔ scalar operation contract: modulo-by-zero (0.194824ms)
▶ (coverage ...) detects missing constructor cases
  ✔ accepts a relation that covers every Natural constructor (8.855184ms)
  ✔ accepts a relation whose +input slot uses a wildcard variable (1.318996ms)
  ✔ rejects a relation that omits the `succ` case (1.266998ms)
  ✔ rejects a relation that omits the `zero` case (2.091499ms)
  ✔ rejects a relation that omits a List constructor (1.383263ms)
  ✔ reports each missing +input slot independently (0.820986ms)
  ✔ rejects a `(coverage ...)` for a relation without a mode (0.733695ms)
  ✔ rejects a `(coverage ...)` for a relation without clauses (0.589368ms)
  ✔ rejects a malformed `(coverage ...)` (0.404098ms)
✔ (coverage ...) detects missing constructor cases (18.751036ms)
▶ isCovered API surface
  ✔ returns ok=true with empty diagnostics on a covered relation (1.36113ms)
  ✔ returns ok=false with diagnostics when a case is missing (0.699053ms)
  ✔ skips coverage when no inductive type can be inferred (0.390008ms)
✔ isCovered API surface (2.770792ms)
▶ cst data model
  ✔ printCst concatenates leaves in document order (0.704121ms)
  ✔ list nodes emit open/close delimiters when set (0.131558ms)
  ✔ cstToLino + linoToCst is a round trip for tokens, trivia and lists (0.554605ms)
  ✔ linoToCst preserves open/close delimiters (0.200141ms)
  ✔ cloneCst returns a structural copy (0.775277ms)
  ✔ leaves walks in document order (0.2987ms)
  ✔ exposes the four host dialects (0.127813ms)
✔ cst data model (4.012673ms)
▶ Rust round-trip
  ✔ round-trips: "" (0.595377ms)
  ✔ round-trips: "fn main() {}\n" (0.382005ms)
  ✔ round-trips: "// hello\nfn f() -> i32 { 42 }\n" (0.282916ms)
  ✔ round-trips: "/* multi\n  line */\nfn g() {}\n" (0.128633ms)
  ✔ round-trips: "fn id<T>(x: T) -> T { x }\n" (0.060591ms)
  ✔ round-trips: "let s = \"hello\\n\";\n" (0.081363ms)
  ✔ round-trips: "let s = r#\"raw\"#;\n" (0.098909ms)
  ✔ round-trips: "let c = 'a';\nlet lt: &'static str = \"x\";" (0.10627ms)
  ✔ round-trips: "let n = 0xFF_FF;\nlet m = 0b1010;\nlet f =" (0.175244ms)
  ✔ round-trips: "pub fn add(a: i64, b: i64) -> i64 {\n    " (0.070336ms)
  ✔ round-trips: "use std::collections::HashMap;\n" (0.042233ms)
  ✔ round-trips: "let mut v = Vec::<i32>::new();\nv.push(1)" (0.049595ms)
  ✔ round-trips: "macro_rules! foo { () => {}; }\n" (0.038027ms)
  ✔ round-trips: "let r#match = 1;\n" (0.075794ms)
✔ Rust round-trip (2.73597ms)
▶ JavaScript round-trip
  ✔ round-trips: "" (0.380844ms)
  ✔ round-trips: "const x = 1;\n" (0.236266ms)
  ✔ round-trips: "// hello\nconst y = 2;\n" (0.077868ms)
  ✔ round-trips: "/* block */ const z = 3;\n" (0.055013ms)
  ✔ round-trips: "const s = 'a\\'b';\n" (0.085729ms)
  ✔ round-trips: "const t = `hello ${name}!`;\n" (0.195925ms)
  ✔ round-trips: "const t2 = `nested ${`inner ${1+2}`} don" (0.05952ms)
  ✔ round-trips: "const r = /foo\\/bar/g;\n" (0.197748ms)
  ✔ round-trips: "const n = 0xff_ff;\nconst b = 0b1010n;\nco" (0.071849ms)
  ✔ round-trips: "function f(a, b) {\n  return a + b;\n}\n" (0.056094ms)
  ✔ round-trips: "class C { method() { return 1; } }\n" (0.075103ms)
  ✔ round-trips: "const obj = { a: 1, \"b c\": 2 };\n" (0.058478ms)
  ✔ round-trips: "#!/usr/bin/env node\nconsole.log(\"hi\");\n" (0.044788ms)
  ✔ round-trips: "export default async function f() { awai" (1.234709ms)
  ✔ round-trips: "let { a, b: c = 3 } = x;\n" (0.122584ms)
  ✔ round-trips: "const re = /^a[/]b$/;\n" (0.094172ms)
✔ JavaScript round-trip (3.447881ms)
▶ Lean 4 round-trip
  ✔ round-trips: "" (0.287513ms)
  ✔ round-trips: "-- comment\ndef f : Nat := 1\n" (0.233602ms)
  ✔ round-trips: "/- block comment -/\ndef g : Nat := 2\n" (0.103396ms)
  ✔ round-trips: "/-! module doc -/\n" (0.078207ms)
  ✔ round-trips: "/-- decl doc -/\ndef h : Nat := 3\n" (0.104948ms)
  ✔ round-trips: "def id {α : Type} (x : α) : α := x\n" (0.141944ms)
  ✔ round-trips: "#check Nat.succ\n" (0.111988ms)
  ✔ round-trips: "theorem t : 1 + 1 = 2 := rfl\n" (0.054882ms)
  ✔ round-trips: "def s : String := \"hello\"\n" (0.181713ms)
  ✔ round-trips: "def n : Nat := 0xff\n" (0.131699ms)
  ✔ round-trips: "def m : Nat := 0b1010\n" (0.113671ms)
  ✔ round-trips: "inductive List (α : Type u) where\n  | ni" (0.064497ms)
  ✔ round-trips: "namespace Foo\ndef x := 1\nend Foo\n" (0.100982ms)
  ✔ round-trips: "def c : Char := 'a'\n" (0.040621ms)
✔ Lean 4 round-trip (2.068826ms)
▶ Rocq round-trip
  ✔ round-trips: "" (0.237218ms)
  ✔ round-trips: "(* comment *)\nDefinition x := 1.\n" (0.257979ms)
  ✔ round-trips: "(* nested (* inside *) *)\nDefinition y :" (0.078358ms)
  ✔ round-trips: "Definition id {A : Type} (x : A) : A := " (0.057016ms)
  ✔ round-trips: "Theorem t : 1 + 1 = 2. Proof. reflexivit" (0.097176ms)
  ✔ round-trips: "Inductive list (A : Type) : Type :=\n  | " (0.047882ms)
  ✔ round-trips: "Definition s := \"hello, \"\"world\"\"\".\n" (0.120742ms)
  ✔ round-trips: "Definition n := 0xff.\n" (0.048423ms)
  ✔ round-trips: "Require Import Coq.Lists.List.\n" (0.036014ms)
✔ Rocq round-trip (1.28146ms)
▶ cross-converter dispatch
  ✔ SUPPORTED_LANGUAGES lists the four host languages plus js alias (0.087462ms)
  ✔ parseToCst / printFromCst dispatch by language name (0.129715ms)
  ✔ 'javascript' alias works the same as 'js' (0.069084ms)
  ✔ rejects unsupported languages (0.392851ms)
✔ cross-converter dispatch (0.778192ms)
▶ CST encoding preserves comments and whitespace explicitly
  ✔ Rust line and block comments survive as trivia leaves (0.230387ms)
  ✔ JS hashbang and comments survive (0.10588ms)
  ✔ Lean nested block comments survive (0.090126ms)
  ✔ Rocq nested comments survive (0.170346ms)
✔ CST encoding preserves comments and whitespace explicitly (0.716349ms)
▶ repository corpus round-trip
  ✔ round-trips js/src/cst.mjs (this module is itself JS source) (1.828123ms)
  ✔ round-trips rust/src/main.rs (1.798529ms)
  ✔ round-trips examples/lean-export-basic.lean (0.29826ms)
  ✔ round-trips examples/isabelle-typed-fragment.thy as Rocq-style block-comment source (0.256957ms)
✔ repository corpus round-trip (4.359144ms)
▶ dependency graph traversal
  ✔ exposes a `dependencyGraph` field on the foundation report (3.578048ms)
  ✔ includes every seeded root construct as a key (0.608716ms)
  ✔ returns sorted, deduplicated transitive deps for each construct (1.176422ms)
  ✔ returns [] for leaf constructs with no dependencies (1.455702ms)
  ✔ `dependencyClosure(name)` returns the same closure as the graph (0.9561ms)
  ✔ `dependencyClosure(<unknown>)` returns null (0.237568ms)
  ✔ `dependencyClosure(name)` does not include the construct itself (0.194012ms)
  ✔ tolerates dangling deps — skips unknown names cleanly (4.365514ms)
  ✔ formatFoundationReport renders the dependency graph section (1.22843ms)
  ✔ only renders entries with at least one dep (0.854747ms)
  ✔ buildDependencyGraph helper is exported and idempotent (0.768758ms)
  ✔ user-registered constructs surface in the graph immediately (1.181059ms)
  ✔ handles cycles without infinite-looping (defensive BFS guard) (0.848938ms)
✔ dependency graph traversal (18.991988ms)
▶ evaluate() returns a structured result
  ✔ produces results and an empty diagnostics array on a clean input (5.955789ms)
  ✔ does not throw on bad input — returns a Diagnostic instead (1.676314ms)
✔ evaluate() returns a structured result (8.49318ms)
▶ Diagnostic shape and error codes
  ✔ E001 — unknown op surfaces with file/line/col span (0.77682ms)
  ✔ E006 — LiNo parse error is reported as a diagnostic, not thrown (0.584109ms)
  ✔ E004 — unknown aggregator surfaces (0.588156ms)
  ✔ E010 — fresh variables must not already appear in context (1.352166ms)
  ✔ restores fresh variables when the scoped body reports a diagnostic (0.924713ms)
  ✔ E001 — span tracks line for forms that follow blank lines (1.614171ms)
  ✔ keeps good results even when a later form errors (0.623409ms)
✔ Diagnostic shape and error codes (6.935784ms)
▶ formatDiagnostic()
  ✔ prints "<file>:<line>:<col>: <CODE>: <message>" plus a caret line (0.598731ms)
  ✔ points the caret at the second form on a later line (0.400523ms)
✔ formatDiagnostic() (1.119195ms)
▶ RmlError
  ✔ carries code and span attributes (0.808017ms)
✔ RmlError (0.905103ms)
▶ computeFormSpans()
  ✔ returns one span per top-level form with 1-based line/col (0.562207ms)
✔ computeFormSpans() (0.649088ms)
▶ extractProgram()
  ✔ extracts a typed lambda program to runnable JavaScript with tests (115.677128ms)
  ✔ extracts the same typed lambda program to Rust with embedded tests (2.233393ms)
  ✔ rejects probabilistic forms instead of compiling them (0.875969ms)
✔ extractProgram() (119.814668ms)
▶ rml extract CLI
  ✔ prints extracted JavaScript source (62.779113ms)
✔ rml extract CLI (62.973336ms)
✔ indexed: independently typed generic positive and adversarial rules (21 assertions) (288.204171ms)
✔ records: independently typed generic positive and adversarial rules (44 assertions) (1863.723143ms)
▶ source-bound indexed and record foundation cluster
  ✔ rechecks 62 definitions including all 42 NetworkDefinitions bodies and retains honest remaining scope (2.160493ms)
  ✔ lean: executes zero and positive indexed vectors and freshly replays the dependent obligation (4607.134558ms)
  ✔ lean: executes source record constructors, size, and the actual dimension predicate (1424.062257ms)
  ✔ lean: semantically rejects body length, binder type, and result-index mutations after reauthorizing source (16196.77843ms)
  ✔ lean: does not grant missing dependency authority or silently coerce a changed record field (10823.593739ms)
  ✔ lean: changing a well-typed example body changes its observed predicate instead of using a name whitelist (6101.56804ms)
  ✔ rocq: executes zero and positive indexed vectors and freshly replays the dependent obligation (4787.372331ms)
  ✔ rocq: executes source record constructors, size, and the actual dimension predicate (1499.930795ms)
  ✔ rocq: semantically rejects body length, binder type, and result-index mutations after reauthorizing source (16978.743751ms)
  ✔ rocq: does not grant missing dependency authority or silently coerce a changed record field (10369.743002ms)
  ✔ rocq: changing a well-typed example body changes its observed predicate instead of using a name whitelist (5681.041825ms)
  ✔ resolves lexical t before the Rocq vector type constructor and refuses implicit-argument guessing (0.43828ms)
  ✔ detaches source obligations and global values from mutable receipts, rejecting replay tampering (376.732989ms)
✔ source-bound indexed and record foundation cluster (78851.370928ms)
▶ linked proposition formation without a truth shortcut
  ✔ forms a false natural equality but its reflexivity proof fails (8.8425ms)
  ✔ requires the same dependent index on both equality sides (21.580946ms)
  ✔ checks a universal body under an arbitrary neutral and retains its lexical closure (11.562762ms)
  ✔ infers an unannotated Bool domain from the source function without a Nat default (12.285489ms)
  ✔ does not accept a malformed universal just because its first application determines a domain (48.208999ms)
✔ linked proposition formation without a truth shortcut (103.592451ms)
▶ source-bound proposition parser
  ✔ records implicitness and shifts grouped dependent annotations (1.669434ms)
  ✔ requires an annotated or source-constrained universal domain (4.832226ms)
  ✔ shifts only free variables under nested binders and rejects a self-dependent witness (0.327553ms)
  ✔ rejects implicit source calls until their omitted arguments have justified inference (0.286842ms)
✔ source-bound proposition parser (7.535977ms)
▶ independent linked proposition obligation replay
  ✔ rechecks every dependency before all 88 requests, including actual raw-source mutations (15722.605919ms)
  ✔ needs linked proposition rules to check the retained predicate source (174.163868ms)
  ✔ elaborates Lean grouped and Rocq separate binders to the same dependent source obligations (1221.857336ms)
✔ independent linked proposition obligation replay (17119.674962ms)
▶ source-bound native linked semantic fragment
  ✔ reports exact finite-corpus coverage without relabeling source preservation as verification (1.270553ms)
  ✔ lean: executes the actual identity body and concrete network constructors (61.6493ms)
  ✔ lean: checks the universally quantified upstream proof and replays it in a fresh runtime (1181.246249ms)
  ✔ lean: rejects a changed definition body even with a freshly authorized source fingerprint (2682.090265ms)
  ✔ lean: rejects a changed theorem binder, premise and conclusion semantically (7861.21599ms)
  ✔ lean: rejects missing, extra and substituted dependency authority (7889.703874ms)
  ✔ rocq: executes the actual identity body and concrete network constructors (60.148231ms)
  ✔ rocq: checks the universally quantified upstream proof and replays it in a fresh runtime (1282.934864ms)
  ✔ rocq: rejects a changed definition body even with a freshly authorized source fingerprint (2500.327306ms)
  ✔ rocq: rejects a changed theorem binder, premise and conclusion semantically (7750.669953ms)
  ✔ rocq: rejects missing, extra and substituted dependency authority (7727.335393ms)
  ✔ binds every replay field to authoritative source, context, dependencies, result and trace (59.844655ms)
  ✔ keeps public receipt mutations detached from private checked definitions and source goals (29.233551ms)
  ✔ does not silently reinterpret cross-language spellings or list separators (9840.541152ms)
  ✔ does not accept execution payloads, cyclic data, resource overflows or admissions as proof (6.122169ms)
  ✔ distinguishes declaration parameters, quantified introductions and different bound variables (105.319963ms)
  ✔ can replay its own maximum-depth argument receipt and rejects the next level (713.161449ms)
  ✔ selects semantics from linked definitions and detects a changed verifier policy (1364.605193ms)
✔ source-bound native linked semantic fragment (51119.674004ms)
▶ foundation result context and two-sided guarded evidence
  ✔ checks guarded query and refutation independently even when the other side is already proved (16.089418ms)
  ✔ keeps hypothetical evidence local and distinguishes guarded refutation from unknown (11.483331ms)
  ✔ keeps assumptions isolated across concurrent versions and repeated public queries (5.481555ms)
  ✔ carries context on success unknown exhaustion unsupported and rewrite execution (7.332051ms)
  ✔ invalidates coinductive refutation dependencies without leaking across foundation versions (4.930324ms)
  ✔ does not conflate package names and versions containing the version delimiter (1.040797ms)
  ✔ reports exhaustion of either guarded search and preserves independently established evidence (2.746146ms)
  ✔ executes both guarded polarities through the default closed S/K public runtime (3636.314719ms)
✔ foundation result context and two-sided guarded evidence (3687.201656ms)
▶ independently scoped named foundation packages
  ✔ loads repeated local programs rules and instances in concurrent versions without renaming terms (13.610536ms)
  ✔ pins imported foundations explicitly and keeps dependency versions isolated (11.660939ms)
  ✔ imports same-named programs from two versions only through explicit distinct aliases (11.575291ms)
  ✔ scopes assumption revision and rule mutation without crossing package versions (5.295875ms)
  ✔ rejects duplicate mismatched and missing package identities rather than guessing (7.489849ms)
  ✔ executes both independent package versions on the default closed S/K public path (1344.046227ms)
✔ independently scoped named foundation packages (1394.85019ms)
▶ linked foundation workspace
  ✔ reads versioned foundations, roles, and instances as inspectable data (2.475027ms)
  ✔ treats one unchanged theory classically, intuitionistically, and minimally (6.759759ms)
  ✔ keeps contradictions local where the foundation has no explosion (4.560166ms)
  ✔ compares two versions of a resource-sensitive foundation (6.422041ms)
  ✔ combines user-supplied degrees by the selected truth policy (273.302056ms)
  ✔ types a self-unfolding stream only under guarded coinduction (3.164776ms)
  ✔ runs a logic supplied only as links through the same interface (3.570647ms)
  ✔ reports unknown, exhaustion, and unsupported outcomes separately (3.33423ms)
  ✔ tells which results a change of a rule or an assumption affects (7.407895ms)
  ✔ rejects malformed foundations and instances (4.729352ms)
  ✔ runs the same witnesses on the closed S/K basis inside K0 (1499.13486ms)
  ✔ reports a spent contraction budget of the closed kernel as exhaustion (494.068983ms)
✔ linked foundation workspace (2310.498474ms)
▶ foundation / root-construct registry
  ✔ preregisters `default-rml` so legacy programs need no migration (1.40784ms)
  ✔ preregisters `boolean-links` as a strict carrier truth-table foundation (1.661161ms)
  ✔ does not change baseline semantics when no foundation is declared (6.370083ms)
  ✔ switches `and`/`or` semantics inside `(with-foundation ...)` (4.232914ms)
  ✔ nests `(with-foundation ...)` scopes correctly (1.683956ms)
  ✔ reports an unknown foundation as E062 without aborting evaluation (0.935379ms)
  ✔ records root constructs and foundations via the data registry (0.72401ms)
  ✔ builds a structured `foundation-report` snapshot (2.26469ms)
  ✔ `enterFoundation` snapshots ops so `exitFoundation` restores them (0.562246ms)
✔ foundation / root-construct registry (21.095676ms)
▶ equality-layer provenance
  ✔ omits the provenance field when no equality query is present (0.75649ms)
  ✔ reports structural-equality for `(? (a = a))` (0.778162ms)
  ✔ reports assigned-equality once a `has probability` rule exists (0.532913ms)
  ✔ reports numeric-equality for `(? ((0.1 + 0.2) = 0.3))` (0.626654ms)
  ✔ reports definitional-equality when a beta-reduction connects both sides (0.7174ms)
  ✔ reports assigned-inequality for `(? (a != a))` when an assignment exists (0.527935ms)
  ✔ aligns provenance with results when equality and non-equality queries mix (0.875678ms)
  ✔ records provenance inside `(with-foundation ...)` bodies (4.114625ms)
  ✔ emits an equality-layer trace event for each classified query (0.39162ms)
✔ equality-layer provenance (9.765866ms)
▶ foundation carrier enforcement
  ✔ parses `(carrier ...)` and `(strict-carrier)` onto the descriptor (0.561395ms)
  ✔ keeps `(carrier ...)` informational when `(strict-carrier)` is absent (0.713404ms)
  ✔ flags an out-of-carrier query result with E063 (1.259467ms)
  ✔ flags an out-of-carrier probability assignment with E063 (0.629137ms)
  ✔ restores prior carrier on `exitFoundation` (nested scopes) (0.408926ms)
  ✔ exposes carrier and strictCarrier on `(foundation-report)` (0.756629ms)
  ✔ does not enforce carrier at the top level (only inside `with-foundation`) (0.63753ms)
  ✔ parses (truth-table ...) clauses onto the foundation descriptor (0.69766ms)
  ✔ rejects malformed truth-table rows with E061 (0.396026ms)
  ✔ uses the truth table to override operator semantics inside with-foundation (1.955465ms)
  ✔ restores operator bindings on exit so outer scopes are unaffected (0.937301ms)
  ✔ falls through to the host default for rows not pinned by the table (0.608677ms)
  ✔ honours symbolic truth constants inside truth-table rows (0.628116ms)
  ✔ models Kleene three-valued conjunction with a truth table (0.747926ms)
  ✔ exposes truth tables on foundationReport() (0.858673ms)
  ✔ reports active truth-table implementations inside with-foundation (0.861187ms)
✔ foundation carrier enforcement (13.170773ms)
✔ executes every finite set operation through one unchanged framework under both constructor imports (46.938346ms)
✔ removing each required finite set rule breaks its observable contract in both imports (136.718333ms)
✔ derives graph endpoint typing and reachability from linked rules on the generic execution path (22.474172ms)
✔ does not grant graph constraints from an unrelated link or after removing the required rule (29.836759ms)
✔ derives all seven relational algebra operations and typing obligations from linked rules (53.165157ms)
✔ removing relational rules or supplying unrelated endpoints cannot produce the requested evidence (67.282785ms)
✔ executes previously unknown inference without object callbacks and refuses a missing premise (50.21218ms)
✔ linked beta evaluation distinguishes bound positions and changes when substitution is removed (24.845332ms)
▶ HOAS forall desugaring
  ✔ classifies a lambda under both Pi and forall spellings (8.589424ms)
  ✔ records a forall-typed declaration as a Pi type (1.062059ms)
  ✔ treats forall as Pi in synth (host API) (0.814116ms)
  ✔ treats forall as Pi in isConvertible (host API) (0.927676ms)
  ✔ desugars forall nested inside a lambda body (2.35132ms)
  ✔ does not rewrite forall when it is not the head leaf (1.059446ms)
✔ HOAS forall desugaring (15.811199ms)
▶ evaluateFile() loads a file from disk
  ✔ returns the structured evaluate() shape (8.054489ms)
  ✔ reports a missing file as an E007 diagnostic, not a thrown error (0.289917ms)
✔ evaluateFile() loads a file from disk (9.837363ms)
▶ evaluateFile() loads literate .lino.md files
  ✔ extracts only fenced lino code blocks before evaluation (1.461661ms)
  ✔ extracts fenced lino code blocks from imported literate files (1.770707ms)
✔ evaluateFile() loads literate .lino.md files (3.960985ms)
▶ (import "...") — linear chain
  ✔ loads declarations across a multi-step chain (2.274265ms)
✔ (import "...") — linear chain (2.887128ms)
▶ (import "...") — diamond pattern
  ✔ loads each file at most once even when imported via multiple paths (1.365516ms)
✔ (import "...") — diamond pattern (2.027633ms)
▶ (import "...") — cycle detection
  ✔ emits an E007 diagnostic for a two-file cycle (0.820325ms)
  ✔ emits an E007 diagnostic for a self-import (0.420653ms)
  ✔ emits an E007 diagnostic for a three-file cycle and lists the chain (0.757781ms)
✔ (import "...") — cycle detection (2.595858ms)
▶ (import "...") — diagnostics & semantics
  ✔ forwards diagnostics from the imported file with the imported span (0.600795ms)
  ✔ missing import target reports E007 with the importing file in the span (0.572412ms)
  ✔ formats E007 diagnostics like other codes (0.635217ms)
  ✔ inline (import ...) without a file resolves relative to CWD (0.866124ms)
✔ (import "...") — diagnostics & semantics (3.199798ms)
▶ (inductive ...) parser form
  ✔ records the type, every constructor, and the eliminator on the Env (8.360109ms)
  ✔ rejects an inductive declaration with no constructors (0.751331ms)
  ✔ rejects a malformed constructor clause (0.520104ms)
  ✔ rejects a constructor declared more than once (0.64403ms)
  ✔ rejects a constructor whose Pi-type does not return the inductive type (0.730781ms)
  ✔ rejects a type name that does not start with an uppercase letter (1.357614ms)
✔ (inductive ...) parser form (13.47483ms)
▶ generated eliminator type-checks
  ✔ builds Natural-rec with the standard induction-principle Pi-type (0.189365ms)
  ✔ records the eliminator type so (type of Natural-rec) succeeds (1.058443ms)
  ✔ membership query holds for the eliminator against its synthesised type (0.930241ms)
✔ generated eliminator type-checks (2.427045ms)
▶ Lists are definable
  ✔ declares List with nil and cons constructors (1.448221ms)
✔ Lists are definable (1.540089ms)
▶ Vectors (length-indexed lists) are definable
  ✔ records the indexed type and constructors (1.398185ms)
✔ Vectors (length-indexed lists) are definable (1.475362ms)
▶ propositional equality is definable
  ✔ declares Eq with the refl constructor (0.570539ms)
✔ propositional equality is definable (0.640144ms)
▶ eliminator participates in the bidirectional checker
  ✔ synth(Natural-rec) returns the generated dependent Pi-type (1.10872ms)
  ✔ check accepts a constructor against the recorded type (0.847296ms)
✔ eliminator participates in the bidirectional checker (2.049155ms)
▶ exportIsabelle
  ✔ exports the typed fixture to the checked Isabelle/HOL theory fixture (7.306281ms)
  ✔ rejects probabilistic assignments instead of approximating them (0.797391ms)
  ✔ rejects dependent Pi codomains that HOL function types cannot represent (0.692012ms)
✔ exportIsabelle (9.677452ms)
▶ rml export isabelle CLI
  ✔ writes the requested .thy file (78.542681ms)
✔ rml export isabelle CLI (78.695661ms)
✔ a runtime-loaded linked K0 substitution definition changes nested execution without host changes (359.092527ms)
✔ loaded baseline preserves proof search, inference, imports and verification (28.29031ms)
✔ replacement cannot bypass disabled contraction operations (152.78727ms)
✔ runtime-linked artifacts fail closed on missing roots, forged references and bounds (416.876639ms)
▶ kernel typing rules
  ✔ forms a Pi type and records it as a Type 0 member (9.331651ms)
  ✔ types a named lambda under its bound parameter context (1.251364ms)
  ✔ keeps a named lambda parameter scoped to the lambda body (0.896169ms)
  ✔ applies lambdas by beta-reducing the argument into the body (2.870392ms)
  ✔ decides definitional equality by beta-normalizing terms (1.419287ms)
  ✔ uses explicit equality assignments before conversion (0.957502ms)
  ✔ exposes isConvertible for beta, assignment lookup, and opt-in eta (0.50477ms)
  ✔ beta-reduces open terms without evaluating free variables as probabilities (0.552782ms)
  ✔ keeps beta-reduction capture-avoiding for open replacements (0.847135ms)
  ✔ exposes substitution as a capture-avoiding kernel primitive (1.685949ms)
  ✔ scopes fresh variables and rejects names already in context (1.447379ms)
  ✔ checks type membership and returns stored types through of links (0.870291ms)
  ✔ checks the universe hierarchy directly across adjacent levels (1.703215ms)
  ✔ keeps self-referential Type separate from stratified universes (1.158374ms)
✔ kernel typing rules (26.828499ms)
✔ direct lambda source preserves the shared S/K reductions judgements and full proof trees (252.487785ms)
✔ direct D to D prime recursively replaces substitution without compiling or rebinding another kernel (93.087733ms)
✔ each declared external lambda transition is required by the measured workload (50.432157ms)
✔ lambda environments preserve lexical capture shadowing and lazy argument evaluation (44.618418ms)
✔ lambda source loader rejects malformed references roots cycles free variables and counts (386.618045ms)
✔ lambda runtime refuses zero invalid and exhausted transition budgets (37.343682ms)
✔ direct lambda module runs with the compiler and combinator modules unavailable (209.383133ms)
▶ exportLean()
  ✔ exports the supported typed subset to Lean 4 source (7.566704ms)
  ✔ rejects probabilistic forms with an E050 diagnostic (0.672953ms)
✔ exportLean() (9.134295ms)
▶ rml export lean CLI
  ✔ writes the Lean artifact to the -o path (78.377162ms)
✔ rml export lean CLI (78.531494ms)
▶ lib/algebra/core.lino
  ✔ exports magma, monoid, and the issue-surface group through an import alias (25.993832ms)
  ✔ exports reusable operation-law schemas (9.072291ms)
  ✔ exports ring schemas from additive group and multiplicative monoid pieces (8.29406ms)
✔ lib/algebra/core.lino (44.321169ms)
▶ lib/arithmetic/core.lino
  ✔ exports Peano naturals and issue-surface arithmetic through an import alias (19.580886ms)
  ✔ exports Peano axiom schemas as reusable templates (7.66346ms)
  ✔ exports decimal-precision lemmas for built-in arithmetic (5.63155ms)
✔ lib/arithmetic/core.lino (33.796742ms)
▶ lib/classical/core.lino
  ✔ exports Boolean operators through an import alias (14.175455ms)
  ✔ exports classical laws as reusable templates (4.441478ms)
  ✔ exports natural-deduction rule schemas as tautology templates (4.936603ms)
✔ lib/classical/core.lino (24.434634ms)
▶ lib/first-order/core.lino
  ✔ exports forall as an alias-qualified template for Pi (10.450497ms)
  ✔ exports exists as an alias-qualified first-order link shape (1.810045ms)
  ✔ expands nested quantified formulas before evaluation (3.052225ms)
✔ lib/first-order/core.lino (16.218732ms)
▶ lib/higher-order/core.lino
  ✔ exports forall as an alias-qualified template for predicate binders (12.335815ms)
  ✔ exports exists as an alias-qualified template for predicate binders (2.861129ms)
✔ lib/higher-order/core.lino (16.014374ms)
▶ lib/modal/core.lino
  ✔ exports modal operators through an import alias (16.529911ms)
  ✔ exports K, T, S4, and S5 axiom schemas as reusable templates (7.584171ms)
  ✔ exports Kripke-frame interpretation templates (5.266941ms)
  ✔ exports Kripke frame conditions for modal systems (4.854811ms)
✔ lib/modal/core.lino (35.235188ms)
▶ lib/probabilistic/*.lino
  ✔ exports Bayesian-network helpers through the issue import surface (16.096317ms)
  ✔ exports fuzzy membership and fuzzy-control helpers (3.55297ms)
  ✔ exports Belnap bilattice helpers for truth and knowledge orders (3.165797ms)
  ✔ exports a paradox catalogue with midpoint fixed-point helpers (3.691809ms)
  ✔ exports balanced-range paradox midpoint helpers (2.585613ms)
✔ lib/probabilistic/*.lino (30.167626ms)
▶ lib/programming-language/core.lino
  ✔ exports untyped lambda-calculus syntax and beta-step schemas (22.338357ms)
  ✔ exports STLC typing rules as reusable schemas (7.71ms)
  ✔ exports theorem progress and preservation through the issue surface (6.330662ms)
✔ lib/programming-language/core.lino (37.404544ms)
▶ lib/provability/core.lino
  ✔ exports provability operators through an import alias (15.403145ms)
  ✔ exports GL axiom schemas as reusable templates (5.037286ms)
  ✔ exports interpretability fragment schemas (5.550468ms)
✔ lib/provability/core.lino (26.953307ms)
▶ lib/set-theory/core.lino
  ✔ exports membership and core set constructors through an import alias (16.347176ms)
  ✔ exports extensionality and pairing schemas as reusable templates (7.95558ms)
  ✔ exports union, separation, replacement, and infinity schemas (6.665557ms)
✔ lib/set-theory/core.lino (31.905104ms)
▶ links-defined universal program evaluator
  ✔ performs binding, substitution, and beta reduction without a host adapter (212.697813ms)
  ✔ loads a completely new logic from links without a JavaScript callback (34.655074ms)
  ✔ derives judgements using user-defined facts and inference rules (66.19018ms)
  ✔ preserves proof-round capacity and unnormalized proof witnesses (75.005475ms)
  ✔ defines finite sets, graphs, relations, and dependent typing as programs (984.311662ms)
  ✔ rejects malformed programs and bounds non-terminating definitions (53.969919ms)
  ✔ applies the proof fact bound to declared and input facts (85.956074ms)
  ✔ reports why a proof search ended in every execution basis (158.123575ms)
  ✔ bounds each closed kernel call by a contraction budget (18.477303ms)
  ✔ loads the forms a layer derives from the same parse (3.270876ms)
  ✔ instantiates one unchanged theory over replaceable foundations (259.800762ms)
  ✔ executes a links-defined meta-interpreter above an explicit K0 boundary (463.429069ms)
  ✔ measures the complete host semantic surface and self-hosting distance (612.871902ms)
  ✔ closes the linked semantic path over a non-duplicating residual basis (621.064298ms)
  ✔ self-interprets a non-trivial fragment of its own matching semantics (1215.509493ms)
  ✔ executes a replaced linked definition of K1 on the unchanged runtime (2672.923537ms)
  ✔ keeps K0 substitution fixed when K1 substitution is replaced (2522.889252ms)
✔ links-defined universal program evaluator (10064.328745ms)
▶ public proof verification driven by linked definitions
  ✔ valid-modus-ponens (171.258634ms)
  ✔ missing-premise-node (45.356088ms)
  ✔ missing-premise-reference (81.191329ms)
  ✔ extra-premise-reference (124.455708ms)
  ✔ unknown-premise-reference (81.134103ms)
  ✔ unknown-rule (60.134622ms)
  ✔ duplicate-node (68.038093ms)
  ✔ duplicate-rule (16.352644ms)
  ✔ forged-leaf-conclusion (68.026586ms)
  ✔ forged-root-conclusion (121.008757ms)
  ✔ forged-goal (0.43791ms)
  ✔ swapped-context (0.317849ms)
  ✔ context-body-change (0.331359ms)
  ✔ forged-rule-body (72.655325ms)
  ✔ forged-rule-binder (127.114701ms)
  ✔ conflicting-premise-variable (102.573817ms)
  ✔ forged-binding (121.758285ms)
  ✔ missing-binding (117.51096ms)
  ✔ extra-binding (126.027644ms)
  ✔ reordered-bindings (148.857853ms)
  ✔ missing-dependency (122.061622ms)
  ✔ extra-dependency (128.05651ms)
  ✔ duplicate-dependency (124.839449ms)
  ✔ reordered-dependencies (118.551246ms)
  ✔ forged-root-dependencies (120.4131ms)
  ✔ circular-proof (58.369804ms)
  ✔ indirect-circular-proof (63.343033ms)
  ✔ unreachable-node (153.304809ms)
  ✔ malformed-node (10.482534ms)
  ✔ malformed-rule (0.535476ms)
  ✔ node-order-independent (123.316672ms)
  ✔ rule-order-independent (136.623399ms)
  ✔ shared-premise-dag (70.947003ms)
  ✔ quoted-executable-looking-data (18.845807ms)
  ✔ quotes every input constructor and keeps empty lists distinct from atoms (1.296342ms)
  ✔ bounds shared DAG expansion, nesting, quoted list spines and UTF-8 text (0.713083ms)
  ✔ enforces shared request budgets before any reduction (0.150967ms)
  ✔ bounds forged shared, deep and cyclic replay metadata before comparison (127.567854ms)
  ✔ replays independently and detects forged trace, result, request, and context (1431.49009ms)
  ✔ replacing the linked verifier definition changes execution on the unchanged runtime (401.1579ms)
  ✔ never calls the host proof searcher to verify a certificate (157.243027ms)
  ✔ does not relabel a stopped reduction as a rejected proof (0.752674ms)
  ✔ cannot run without the declared S/K bootstrap operations (114.609109ms)
  ✔ runs the same complete inference certificate on the closed S/K runtime (95575.82648ms)
✔ public proof verification driven by linked definitions (100718.621541ms)
▶ result-only ordered reduction (s-k)
  ✔ matches full traces, first-match priority, traversal, and import rebinding (50.380453ms)
  ✔ returns unmatched and quoted forms unchanged with zero steps (47.935506ms)
  ✔ bounds cycles by fuel and preserves immediate stalled failures (8.138735ms)
  ✔ uses the full reducer fuel boundary without returning an unchecked result (9.915521ms)
  ✔ requires an explicit positive safe bound and a known program (0.436638ms)
  ✔ rejects malformed and cyclic input without coercing it to an atom (2.950754ms)
✔ result-only ordered reduction (s-k) (120.873576ms)
▶ result-only ordered reduction (direct-structural)
  ✔ matches full traces, first-match priority, traversal, and import rebinding (1.5476ms)
  ✔ returns unmatched and quoted forms unchanged with zero steps (0.561555ms)
  ✔ bounds cycles by fuel and preserves immediate stalled failures (0.22604ms)
  ✔ uses the full reducer fuel boundary without returning an unchecked result (0.452922ms)
  ✔ requires an explicit positive safe bound and a known program (0.260742ms)
  ✔ rejects malformed and cyclic input without coercing it to an atom (0.163506ms)
✔ result-only ordered reduction (direct-structural) (3.653361ms)
✔ preserves the Horn identity reduction while requiring a known program (2.063528ms)
✔ preserves the selected kernel, host-operation guards, and contraction bound (7.952385ms)
✔ matches a real bounded proof certificate full trace and every counted step (222.292027ms)
▶ shared LiNo front end cases
  ✔ has cases to check (1.624686ms)
  ✔ a reference on its own line (4.151892ms)
  ✔ an empty link (0.649488ms)
  ✔ an empty link as a value (0.613444ms)
  ✔ a named link (0.414334ms)
  ✔ a quoted reference with a space (0.649978ms)
  ✔ a quoted parenthesis (0.314914ms)
  ✔ a quoted hash (0.27913ms)
  ✔ quotes inside quoted references (0.344108ms)
  ✔ a quote inside a word (0.268444ms)
  ✔ quotes inside words over several lines (0.326542ms)
  ✔ a quoted reference over several lines (0.226641ms)
  ✔ a backtick quote (0.170416ms)
  ✔ a doubled quote inside a quoted reference (0.138819ms)
  ✔ a word right after a quoted reference (0.167823ms)
  ✔ an unclosed quote (0.128824ms)
  ✔ a wide quote (0.118078ms)
  ✔ a doubled wide quote (0.105319ms)
  ✔ a wide quote closed by the end of a longer run (0.141183ms)
  ✔ an even quote around spaces (0.30538ms)
  ✔ an even quote around unbalanced parentheses (0.294113ms)
  ✔ an even quote around a next line character (0.128693ms)
  ✔ an even quote around a byte order mark (0.251299ms)
  ✔ an unclosed even quote (0.116475ms)
  ✔ an unclosed quote before a colon (0.11952ms)
  ✔ an even quote before a comment line with parentheses (0.167302ms)
  ✔ a hash as a reference (0.101223ms)
  ✔ a comment link (0.144617ms)
  ✔ a full-line comment with an unmatched parenthesis and a quote (0.201664ms)
  ✔ an indented full-line comment (0.11306ms)
  ✔ a comment after a closing parenthesis (0.124817ms)
  ✔ a comment that holds parentheses (0.111849ms)
  ✔ a hash right after a closing parenthesis (0.169355ms)
  ✔ a comment line inside a form (0.168163ms)
  ✔ a comment after a closing parenthesis inside a form (0.304158ms)
  ✔ a line of prose after a heading comment (0.176575ms)
  ✔ a byte order mark (0.121873ms)
  ✔ CRLF line endings (0.147362ms)
  ✔ lone CR line endings (0.11944ms)
  ✔ blank lines (0.146921ms)
  ✔ a form over several lines (0.133281ms)
  ✔ a next line character inside a reference (0.108192ms)
  ✔ a no-break space inside a reference (0.096124ms)
  ✔ a line separator inside a reference (0.098799ms)
  ✔ a tab between references (0.195945ms)
  ✔ several forms on one line (0.124949ms)
  ✔ indented lines under a form (0.32535ms)
  ✔ an indented first line (0.155604ms)
  ✔ an emoji before a form (0.187832ms)
  ✔ a tab before a form (0.209105ms)
  ✔ a tab before references (0.133991ms)
  ✔ a space then a tab before a form (0.143857ms)
  ✔ a tab then a space before a form (0.163917ms)
  ✔ a name on its own (0.132679ms)
  ✔ references under an indented id (0.227282ms)
  ✔ a named line under an indented id (0.154082ms)
  ✔ a named link under an indented id (0.191979ms)
  ✔ a line of references under an indented id (0.110637ms)
  ✔ a name on its own under an indented id (0.096936ms)
  ✔ a form after an indented id (0.130736ms)
  ✔ an indented id under an indented line (0.164628ms)
  ✔ an indented id under an indented id (0.208293ms)
  ✔ indented ids nested three deep (0.177117ms)
  ✔ the hierarchical nesting of the links-notation grammar (0.157477ms)
  ✔ the indented nesting example of the links-notation grammar (0.235224ms)
  ✔ the mixed syntax example of the links-notation grammar (1.428751ms)
  ✔ nested indented ids under an indented line (0.187902ms)
  ✔ a line indented under a line of an indented id (0.665732ms)
  ✔ a line indented under a named line of an indented id (0.149365ms)
  ✔ a line indented under a value of an indented id under an indented line (0.194774ms)
  ✔ a line indented under a value of a nested indented id (0.123927ms)
  ✔ a line of spaces at the end (0.097907ms)
  ✔ a comment on the last line (0.088173ms)
  ✔ a line of spaces at the end under an indented id (0.117778ms)
  ✔ an unclosed form before a line of spaces (0.415936ms)
  ✔ only comments (0.11336ms)
  ✔ an empty source (0.072379ms)
  ✔ only whitespace (0.036756ms)
  ✔ an unclosed form (0.186561ms)
  ✔ an extra closing parenthesis (1.995775ms)
  ✔ a stray closing parenthesis (0.287553ms)
  ✔ a colon without a name (0.25257ms)
  ✔ an emoji before a failure (0.273723ms)
  ✔ a failure after CRLF (0.158659ms)
  ✔ a named link deep inside groups (0.191448ms)
  ✔ names on every level of deep groups (0.473022ms)
  ✔ a name after a deep group (0.354744ms)
  ✔ a colon without a name deep inside groups (0.375846ms)
  ✔ a deep group left unclosed (0.196125ms)
  ✔ an extra closing parenthesis after deep groups (0.346983ms)
  ✔ glued deep groups (0.310448ms)
  ✔ a deep group over several lines (0.239521ms)
  ✔ a named line inside deep groups (0.26576ms)
  ✔ a comment inside deep groups (0.253401ms)
  ✔ quoted parentheses inside deep groups (0.344619ms)
  ✔ a failure in the second of two deep forms (0.377548ms)
  ✔ a failure in each of two deep forms (0.293062ms)
  ✔ parentheses nested deeper than the limit (0.156415ms)
  ✔ parentheses nested deeper than the limit on a later line (0.13935ms)
  ✔ a source longer than the limit (14.782389ms)
  ✔ a source longer than the limit in UTF-16 code units (18.337123ms)
✔ shared LiNo front end cases (66.360936ms)
▶ shared LiNo front end limits
  ✔ reads the deepest indentation the nesting limit allows (2.741258ms)
  ✔ refuses one indentation level more than the limit (0.284007ms)
  ✔ reads indented ids nested as deep as the nesting limit allows (0.8766ms)
  ✔ refuses indented ids nested one level more than the limit (0.267383ms)
  ✔ counts parentheses and indentation levels together (3.720102ms)
  ✔ measures the source length in UTF-16 code units (207.934317ms)
✔ shared LiNo front end limits (216.078521ms)
▶ shared LiNo front end time
  ✔ reads groups nested to the limit within 5000 ms (67.727153ms)
  ✔ reads a value in each group nested to the limit within 5000 ms (67.600863ms)
  ✔ reads a name on each group nested to the limit within 5000 ms (66.566566ms)
  ✔ reads a quoted reference in each group nested to the limit within 5000 ms (78.441067ms)
  ✔ reads a value after each group nested to the limit within 5000 ms (69.187772ms)
  ✔ reads groups nested to the limit left unclosed within 5000 ms (62.566683ms)
  ✔ reads a second name inside groups nested to the limit within 5000 ms (78.312914ms)
  ✔ reads a colon without a name inside groups nested to the limit within 5000 ms (76.708388ms)
  ✔ reads a wide unclosed quote before a long run of quotes within 5000 ms (111.627239ms)
  ✔ reads unclosed quotes of ever smaller widths within 5000 ms (199.782946ms)
  ✔ reads even quotes of ever smaller widths around an unclosed parenthesis within 5000 ms (160.051638ms)
  ✔ reads many quoted references on one line within 5000 ms (221.179035ms)
✔ shared LiNo front end time (1260.590526ms)
▶ shared LiNo front end text
  ✔ normalizes a leading byte order mark and every line ending (0.137627ms)
  ✔ blanks a comment one UTF-16 code unit at a time (5.703438ms)
  ✔ keeps references of private-use characters apart from the names it makes (53.456791ms)
✔ shared LiNo front end text (59.517777ms)
▶ rml-lsp stdio server
  ✔ publishes diagnostics and answers hover, definition, and completion (92.550174ms)
  ✔ places LiNo parse failures and definitions at UTF-16 positions (85.622701ms)
✔ rml-lsp stdio server (179.337658ms)
▶ shared capture/shadowing-aware conservative rename corpus
  ✔ simple binding (100.219822ms)
  ✔ strings and comments (28.90803ms)
  ✔ block shadowing (29.677309ms)
  ✔ nested closure-free reference (30.949284ms)
  ✔ temporal dead zone remains bound to inner declaration (30.579927ms)
  ✔ property names retained (13.143732ms)
  ✔ Unicode identifiers (13.558908ms)
  ✔ astral identifiers and UTF16 location (6.693629ms)
  ✔ no op (5.060179ms)
  ✔ collision (12.590439ms)
  ✔ inner capture (15.641544ms)
  ✔ capture free reference (11.330572ms)
  ✔ ambiguous bindings (15.916487ms)
  ✔ function scope unsupported (21.617992ms)
  ✔ template interpolation unsupported (11.931026ms)
  ✔ escaped identifier unsupported (9.280024ms)
  ✔ destructuring unsupported (9.744714ms)
  ✔ object shorthand unsupported (7.787086ms)
  ✔ direct eval unsupported (9.889642ms)
  ✔ missing initializer (37.615853ms)
  ✔ unbalanced delimiter (38.977042ms)
  ✔ rejects a reserved word as the new binding name (4.171502ms)
✔ shared capture/shadowing-aware conservative rename corpus (467.447527ms)
▶ registered RML syntax extension
  ✔ all syntactic roles without fabricated semantics (13.129801ms)
  ✔ quoted references and indentation (2.225381ms)
  ✔ normalization and trivia (1.81316ms)
  ✔ unknown syntax retained as structure (1.424845ms)
  ✔ empty (0.493283ms)
  ✔ invalid source (0.920906ms)
  ✔ retains the entire shared frontend semantic/diagnostic corpus without token parsing (49.887812ms)
  ✔ edits shared graph references and emits changed structure after discarding all source tokens (1.46061ms)
  ✔ rejects cycles, dangling references, duplicate document roots, and unknown schema (1.522132ms)
✔ registered RML syntax extension (74.145679ms)
▶ cross-language unsupported obligations
  ✔ preserves source and refuses to fabricate code or proofs for all 12 directed paths (0.660805ms)
✔ cross-language unsupported obligations (0.824661ms)
▶ bounded reconstruction of compact shared syntax graphs
  ✔ small shared DAG is representable (0.464509ms)
  ✔ compact exponential DAG exceeds node budget (1.165165ms)
  ✔ repeated long references exceed text budget (0.175394ms)
  ✔ text budget uses UTF16 units in both runtimes (0.229986ms)
  ✔ empty references still consume node budget (0.937581ms)
✔ bounded reconstruction of compact shared syntax graphs (3.221571ms)
▶ meta-language support
  ✔ represents RML source losslessly through meta-language (8.491907ms)
  ✔ keeps RML parser and evaluator results identical after meta-language round trip (5.437037ms)
  ✔ keeps an unmatched parenthesis inside a quote or a comment through the round trip (2.42375ms)
  ✔ rejects source that is not LiNo with the position of the failure (2.009116ms)
  ✔ rewrites JavaScript identifiers through meta-language query and replace (102.588618ms)
  ✔ does not rewrite identifier spellings inside JavaScript strings or comments (19.823831ms)
  ✔ rewrites Unicode JavaScript identifiers and preserves literal spellings (16.577913ms)
  ✔ exposes structural substitution support from meta-language (0.536308ms)
  ✔ renders through meta-language translation rules (1.737636ms)
  ✔ exposes meta-language truth semantics used by RML planning (0.420864ms)
  ✔ summarizes the available meta-language features for issue 181 (1.928754ms)
✔ meta-language support (163.316804ms)
▶ checkMetatheorems passes Twelf-style sample relations
  ✔ certifies `plus` on Natural as total and covered (8.935786ms)
  ✔ certifies `le` (less-than-or-equal) on Natural (1.960562ms)
  ✔ certifies `append` on List (2.617762ms)
✔ checkMetatheorems passes Twelf-style sample relations (14.35778ms)
▶ checkMetatheorems reports counter-witnesses on failure
  ✔ flags a relation that omits a constructor case (coverage failure) (1.066355ms)
  ✔ flags a relation that recurses without structural decrease (0.863831ms)
  ✔ reports both checks independently when a single relation fails both (0.878542ms)
✔ checkMetatheorems reports counter-witnesses on failure (3.065125ms)
▶ checkMetatheorems also reports D13 termination for definitions
  ✔ certifies `plus` declared via `(define ...)` (0.864061ms)
  ✔ reports a counter-witness for a non-terminating definition (1.70658ms)
✔ checkMetatheorems also reports D13 termination for definitions (2.752455ms)
▶ formatReport summarizes structured results for the CLI
  ✔ marks an all-passing run as `All metatheorems hold.` (1.249771ms)
  ✔ marks a failing run as `One or more metatheorems failed.` (0.96284ms)
  ✔ reports an empty program with a clear placeholder line (0.273932ms)
✔ formatReport summarizes structured results for the CLI (2.66275ms)
▶ (mode ...) declarations are parsed and stored
  ✔ records the per-argument flag list on the Env (6.031663ms)
  ✔ accepts the *either flag (1.655113ms)
  ✔ mode flag token round-trip (0.252451ms)
✔ (mode ...) declarations are parsed and stored (8.854794ms)
▶ (mode ...) rejects malformed declarations with E030
  ✔ rejects unknown flag tokens (0.994508ms)
  ✔ rejects a declaration with no flags (0.635327ms)
  ✔ rejects a non-symbolic relation name (1.156151ms)
✔ (mode ...) rejects malformed declarations with E030 (3.288502ms)
▶ mode mismatches fire E031 at call sites
  ✔ rejects a call with the wrong arity (1.545627ms)
  ✔ rejects a +input slot supplied with an unbound variable (1.49385ms)
  ✔ accepts a call where every +input is ground (3.106047ms)
  ✔ treats numeric literals in +input slots as ground (0.987127ms)
  ✔ lets *either slots accept anything, even unbound names (0.786995ms)
  ✔ does not flag relations that have no mode declaration (0.586523ms)
✔ mode mismatches fire E031 at call sites (9.098341ms)
▶ mtc-anum experimental foundation
  ✔ is pre-seeded but never activated implicitly (1.601591ms)
  ✔ does not perturb baseline semantics when not selected (6.050571ms)
  ✔ surfaces the experimental flag, root, and abits on foundation report (1.445597ms)
  ✔ renders the experimental tag and abits in the printed report (1.938539ms)
  ✔ accepts `(experimental)`, `(root ...)`, and `(abit ...)` parser clauses (1.559418ms)
  ✔ encodes and decodes leaf strings round-trip (0.516587ms)
  ✔ encodes and decodes lists round-trip (0.300393ms)
  ✔ round-trips a real parsed link form (0.529207ms)
  ✔ decodeAnum rejects characters outside the four-abit alphabet (0.45095ms)
  ✔ decodeAnum rejects unbalanced frames (0.283046ms)
  ✔ decodeAnum rejects misaligned leaf payloads (0.135204ms)
  ✔ encodeAnum rejects non-Node values (0.175824ms)
  ✔ encodeAnum is canonical: repeated encoding yields the same string (0.295185ms)
  ✔ encodeAnum is injective: distinct inputs encode to distinct strings (0.342316ms)
  ✔ runs the MTC theory example end-to-end with no diagnostics (3.332598ms)
  ✔ frame-makes-link types a single frame over the root link (0.941487ms)
  ✔ rejects an MTC derivation whose conclusion swaps the rule shape (1.08223ms)
  ✔ makes the theory/serialization boundary explicit (0.782448ms)
✔ mtc-anum experimental foundation (23.250421ms)
▶ (namespace ...) — declaration
  ✔ prefixes a definition with the active namespace (10.903839ms)
  ✔ supports multiple definitions under the same namespace (1.647301ms)
  ✔ rejects an empty or dotted namespace name with E009 (0.75055ms)
✔ (namespace ...) — declaration (14.841919ms)
▶ (import "..." as <alias>) — aliased imports
  ✔ resolves qualified references through the alias (1.293638ms)
  ✔ emits E009 for an alias collision (2.081805ms)
  ✔ lets two distinct aliases point at different namespaces (1.242231ms)
✔ (import "..." as <alias>) — aliased imports (5.315053ms)
▶ (namespace ...) — shadowing (E008)
  ✔ warns when a top-level op definition shadows an imported op (1.141739ms)
  ✔ warns when redefining a qualified name introduced via alias (0.734496ms)
  ✔ warns once even when the same imported name is rebound twice (0.699543ms)
  ✔ does not warn when an importing file defines a fresh name (0.709449ms)
✔ (namespace ...) — shadowing (E008) (3.92488ms)
▶ inline (namespace ...) without import
  ✔ an in-source namespace prefix is honoured (0.426913ms)
✔ inline (namespace ...) without import (0.489797ms)
▶ Phase 12 — links-defined Peano naturals
  ✔ nat-links foundation is pre-registered (7.454475ms)
  ✔ lib/self/foundations.lino documents the nat-links foundation (1.04257ms)
  ✔ nat-zero-formation derives `zero has-type Nat` without premises (5.322084ms)
  ✔ nat-succ-formation lifts a Nat to its successor (2.918695ms)
  ✔ nat-add-zero discharges the base case of addition (1.393248ms)
  ✔ nat-add-succ steps addition through the successor (1.208139ms)
  ✔ nat-refl derives (?n nat-equals ?n) for a well-typed Nat (0.969921ms)
  ✔ nat-cong-succ lifts a nat-equality through succ (1.129691ms)
  ✔ rejects a nat-cong-succ derivation that drops one of the succ wrappers (1.100638ms)
  ✔ nat-induction folds a base case and a step into a universal claim (1.517585ms)
  ✔ rejects a derivation that contradicts nat-succ-formation (1.533659ms)
  ✔ rejects an add-succ derivation that contradicts its arithmetic premise (0.970932ms)
  ✔ leaves the host `=`/numeric-equality layer unchanged when nat-links is not selected (1.554701ms)
  ✔ nat-mul-zero discharges the base case of multiplication (0.793355ms)
  ✔ nat-mul-succ steps multiplication through the successor (1.484937ms)
  ✔ rejects a nat-mul-succ derivation whose helper addition is inconsistent (1.389292ms)
  ✔ nat-rec-zero discharges the recursor at the base case (0.781257ms)
  ✔ nat-rec-succ steps the recursor through the successor (1.605077ms)
  ✔ rejects a nat-rec-succ derivation that drops the successor wrapper on the scrutinee (1.337545ms)
  ✔ (proof-report <name>) returns a per-proof dependency/trust summary (1.543084ms)
  ✔ (proof-report <unknown>) reports a failing verdict instead of throwing (0.269836ms)
  ✔ runs the full Phase 12/13 example end-to-end with no diagnostics (9.645785ms)
  ✔ (eval-nat <term>) normalizes zero / succ / add / mul through links-level rules (0.997752ms)
  ✔ (eval-nat ...) trace records the normal form, fired Peano rules, and host boundary (0.467664ms)
  ✔ (eval-nat ...) fails when the active foundation omits a needed rule (1.573169ms)
  ✔ (eval-nat ...) sees computation rules inherited through foundation extends (0.393252ms)
  ✔ (eval-nat ...) behaviour follows a replacement links-level rule (0.443989ms)
  ✔ (eval-nat <non-Peano>) raises an E067 diagnostic instead of crashing (0.33854ms)
  ✔ (eval-nat <term>) with wrong arity reports E067 (0.254173ms)
  ✔ the full nat-links example replays cleanly under (strict-foundation pure-links) (7.013201ms)
  ✔ (eval-nat ...) under strict pure-links computes without delegating to host arithmetic (0.511651ms)
  ✔ strict pure-links would still catch a stray host-arithmetic query mixed with Nat reasoning (0.736409ms)
✔ Phase 12 — links-defined Peano naturals (61.83377ms)
▶ whnf reduces only the spine
  ✔ beta-reduces an outer redex but leaves arguments unevaluated (2.082085ms)
  ✔ does not descend under a lambda binder (1.215761ms)
  ✔ reduces a named lambda head and stops there (1.118014ms)
✔ whnf reduces only the spine (5.28684ms)
▶ nf reduces every redex
  ✔ fully normalizes a nested application (0.642698ms)
  ✔ reduces redexes under a lambda binder (0.433894ms)
  ✔ accepts string surface input and returns a structural AST (0.590429ms)
✔ nf reduces every redex (1.931498ms)
▶ (whnf ...) surface form
  ✔ returns the weak-head reduct as a term result (5.25257ms)
  ✔ rejects malformed driver forms with E038 (0.671752ms)
✔ (whnf ...) surface form (6.140787ms)
▶ (nf ...) and (normal-form ...) surface forms
  ✔ reduce to the same beta-normal form (2.138039ms)
  ✔ rejects malformed driver forms with E038 (0.691721ms)
✔ (nf ...) and (normal-form ...) surface forms (2.964523ms)
▶ Church numerals normalize as expected
  ✔ normal-form of (apply (compose succ succ) zero) is (succ (succ zero)) (1.669473ms)
  ✔ whnf reduces only the head — leaves the inner succ call alone (0.321615ms)
  ✔ fully normalizes nested compositions (1.13558ms)
✔ Church numerals normalize as expected (3.264696ms)
▶ proof witness names for whnf and nf
  ✔ attaches a whnf-reduction witness when proofs are requested (0.766004ms)
  ✔ attaches an nf-reduction witness for both nf and normal-form (0.835448ms)
  ✔ attaches a whnf proof witness under the global withProofs flag (0.539303ms)
✔ proof witness names for whnf and nf (2.262958ms)
▶ isConvertible already uses full normalization
  ✔ agrees with `nf` on beta-equal terms (0.256566ms)
✔ isConvertible already uses full normalization (0.326041ms)
▶ portable natural semantics through registered RML structure
  ✔ JavaScript → RML → Rust preserves the fragment graph and observed results (17.618099ms)
  ✔ JavaScript → RML → Lean preserves the fragment graph and observed results (8.129211ms)
  ✔ JavaScript → RML → Rocq preserves the fragment graph and observed results (10.659361ms)
  ✔ Rust → RML → JavaScript preserves the fragment graph and observed results (10.26716ms)
  ✔ Rust → RML → Lean preserves the fragment graph and observed results (4.9602ms)
  ✔ Rust → RML → Rocq preserves the fragment graph and observed results (5.205779ms)
  ✔ Lean → RML → JavaScript preserves the fragment graph and observed results (8.082331ms)
  ✔ Lean → RML → Rust preserves the fragment graph and observed results (4.987961ms)
  ✔ Lean → RML → Rocq preserves the fragment graph and observed results (5.085508ms)
  ✔ Rocq → RML → JavaScript preserves the fragment graph and observed results (7.846335ms)
  ✔ Rocq → RML → Rust preserves the fragment graph and observed results (4.812287ms)
  ✔ Rocq → RML → Lean preserves the fragment graph and observed results (5.688526ms)
  ✔ source-preserving unsupported obligation: effects must not disappear (0.579492ms)
  ✔ source-preserving unsupported obligation: strings and coercion (0.14604ms)
  ✔ source-preserving unsupported obligation: recursion remains an obligation (0.23967ms)
  ✔ source-preserving unsupported obligation: unresolved variable (0.156796ms)
  ✔ source-preserving unsupported obligation: Rust ownership not erased (0.082514ms)
  ✔ source-preserving unsupported obligation: Lean proof not relabelled (0.077877ms)
  ✔ source-preserving unsupported obligation: Rocq admission not invented (0.068102ms)
  ✔ source-preserving unsupported obligation: numeric literal out of contract (0.138579ms)
  ✔ source-preserving unsupported obligation: arity mismatch (0.128674ms)
  ✔ source-preserving unsupported obligation: type mismatch (0.107522ms)
  ✔ source-preserving unsupported obligation: syntax trailing data (0.075694ms)
  ✔ source-preserving unsupported obligation: JavaScript return ASI changes result (0.134653ms)
  ✔ source-preserving unsupported obligation: JavaScript return ASI inside block comment (0.114052ms)
  ✔ source-preserving unsupported obligation: JavaScript Unicode line ending cannot hide effects (0.177547ms)
  ✔ source-preserving unsupported obligation: Lean application is left associative (0.121623ms)
  ✔ source-preserving unsupported obligation: Rocq application is left associative (0.155203ms)
  ✔ source-preserving unsupported obligation: deep unparenthesized application rejected (0.22581ms)
  ✔ source-preserving unsupported obligation: Rust block-expression parsing is not silently changed (0.121312ms)
  ✔ source-preserving unsupported obligation: graph encoding depth limit remains a preserved obligation (1.214689ms)
  ✔ refuses out-of-domain runtime values and arithmetic overflow, and evaluates only the chosen branch (1.234779ms)
  ✔ a real graph substitution changes target source and results without consulting original source (0.811031ms)
✔ portable natural semantics through registered RML structure (101.52729ms)
▶ prenex polymorphism — (forall A T) sugar
  ✔ synthesises a forall type at universe Type (2.571152ms)
  ✔ treats (forall A T) as definitionally equal to (Pi (Type A) T) (0.853155ms)
✔ prenex polymorphism — (forall A T) sugar (5.00707ms)
▶ prenex polymorphism — polymorphic identity
  ✔ checks (lambda (Type A) (lambda (A x) x)) against (forall A (Pi (A x) A)) (0.748447ms)
  ✔ instantiates the type variable through (apply polyId Natural) (0.435115ms)
  ✔ fully applies a polymorphic identity at Natural to zero :: Natural (0.359462ms)
✔ prenex polymorphism — polymorphic identity (1.815544ms)
▶ prenex polymorphism — polymorphic apply
  ✔ checks the canonical (forall A (forall B ((A -> B) -> A -> B))) form (0.595817ms)
✔ prenex polymorphism — polymorphic apply (0.701947ms)
▶ prenex polymorphism — polymorphic compose
  ✔ checks (forall A (forall B (forall C ((B -> C) -> (A -> B) -> (A -> C))))) (0.616498ms)
✔ prenex polymorphism — polymorphic compose (0.793374ms)
▶ prenex polymorphism — diagnostics
  ✔ reports E021 when a polymorphic value is checked at the wrong instantiation (0.674265ms)
✔ prenex polymorphism — diagnostics (0.763619ms)
▶ proof-object substrate as links
  ✔ parses a rule form into a structured descriptor (0.883571ms)
  ✔ parses a proof-object form into a structured descriptor (0.699434ms)
  ✔ parses assumptions and axioms as explicit proof leaves (0.426052ms)
  ✔ matches `?meta` leaves and binds them into the substitution map (0.197858ms)
  ✔ rejects inconsistent bindings for the same metavariable (0.13924ms)
  ✔ verifies a valid modus-ponens derivation end-to-end (7.707547ms)
  ✔ fails with E064 when a premise does not match the rule pattern (1.55373ms)
  ✔ fails with E064 when premise count differs from the rule arity (2.513004ms)
  ✔ fails with E064 when the proof-object references an unknown rule (1.346638ms)
  ✔ fails with E064 when (check-proof ...) targets an unknown proof-object (1.037112ms)
  ✔ enforces metavariable consistency across premises and the conclusion (0.935528ms)
  ✔ rejects malformed rule forms with E064 (0.457479ms)
  ✔ rejects malformed proof-object forms with E064 (0.400894ms)
  ✔ rejects (check-proof ...) without a name argument (0.31231ms)
  ✔ surfaces rules and proof objects on foundationReport() (2.207774ms)
  ✔ surfaces proof assumptions and dependency refs on foundationReport() (1.300819ms)
  ✔ lets `checkProofObject()` return a substitution witness on success (1.143001ms)
  ✔ rejects raw proof-object premises that cite no proof dependency (0.613654ms)
  ✔ accepts proof-object dependencies produced by other proof objects (1.430393ms)
  ✔ checks a links-level proof-checking relation as data (3.554351ms)
  ✔ detects cyclic proof-object dependencies (0.462777ms)
  ✔ does not hijack existing `(rule ...)` data forms from self-bootstrap files (1.08896ms)
  ✔ keeps proof rules separate from evaluator behaviour (1.162671ms)
✔ proof-object substrate as links (33.19841ms)
▶ evaluate() returns proofs only when requested
  ✔ omits the proofs key when neither flag nor inline keyword is used (5.909769ms)
  ✔ returns a proofs array when withProofs is true (1.990708ms)
  ✔ returns a proofs array when an inline (? ... with proof) is present (0.692824ms)
✔ evaluate() returns proofs only when requested (9.508869ms)
▶ issue example reproduction
  ✔ produces the canonical (by structural-equality (a a)) witness (1.604756ms)
  ✔ produces the same witness under the global flag (0.706153ms)
✔ issue example reproduction (2.506924ms)
▶ per-rule witness shapes
  ✔ records assigned-equality when an equality has been assigned a probability (1.164163ms)
  ✔ records assigned-inequality on (? (L != R)) when L=R has an assignment (1.788954ms)
  ✔ records numeric-equality when no assignment exists and operands differ (0.582828ms)
  ✔ records sum / difference / product / quotient for arithmetic (0.89662ms)
  ✔ records and / or for binary infix logic (0.793746ms)
  ✔ records both / neither for composite chains (0.660455ms)
  ✔ records prefix operator names for (not X), (and X Y), (or X Y) (0.628687ms)
  ✔ records assigned-probability for top-level ((expr) has probability p) (0.16597ms)
  ✔ records type-universe / prop / pi-formation / lambda-formation (0.237147ms)
✔ per-rule witness shapes (7.379282ms)
▶ proofs are index-aligned with results
  ✔ emits null for bare queries that did not opt in (inline mode only) (0.394134ms)
  ✔ produces a proof for every query when withProofs is true (0.582828ms)
✔ proofs are index-aligned with results (1.078885ms)
▶ proofs do not affect query results or diagnostics
  ✔ produces identical results and diagnostics with and without proofs (1.328951ms)
✔ proofs do not affect query results or diagnostics (1.416724ms)
▶ round-trip property holds for every produced proof
  ✔ survives parse(print(proof)) for a representative bundle of operators (1.416252ms)
✔ round-trip property holds for every produced proof (1.481921ms)
▶ pure-links strict mode
  ✔ is off by default — legacy programs run unchanged (7.1787ms)
  ✔ emits E065 when a query depends on a host-primitive arithmetic op (1.201839ms)
  ✔ lists every offending construct in a single E065 diagnostic (0.87636ms)
  ✔ flags host-derived constructs too (e.g. `!=`) (1.130221ms)
  ✔ flags user-configurable truth operators whose active implementation is still host-backed (0.921247ms)
  ✔ accepts truth operators when the active foundation provides links-defined truth tables (2.773757ms)
  ✔ rejects partial truth tables because unmatched rows retain a host fallback (1.37442ms)
  ✔ honours `(allow-host-primitive ...)` to whitelist specific constructs (0.694376ms)
  ✔ still flags constructs that are not in the allow list (0.658792ms)
  ✔ does not affect query results — strict mode is observation-only (0.731291ms)
  ✔ rejects an unknown strict-foundation profile with E065 (0.43163ms)
  ✔ rejects malformed strict-foundation forms with E065 (0.274203ms)
  ✔ rejects malformed allow-host-primitive forms with E065 (0.282616ms)
  ✔ surfaces strict-pure-links state on foundationReport() (1.901423ms)
  ✔ parseStrictFoundationForm parses the profile name (0.109595ms)
  ✔ parseAllowHostPrimitiveForm accepts multiple construct names (0.130166ms)
  ✔ scanPureLinksOffenders returns [] when strict mode is off (0.201534ms)
  ✔ scanPureLinksOffenders surfaces every host-primitive operator (0.217707ms)
  ✔ lets links-encoded self-bootstrap files keep working under strict mode (0.515907ms)
  ✔ lets the proof substrate stay clean under strict mode (1.274379ms)
  ✔ allows queries that only reference user constants under strict mode (0.324048ms)
✔ pure-links strict mode (24.695617ms)
✔ Horn source preserves shared reductions imports judgements inference fixed point and proof trees (576.414695ms)
✔ Horn source substitution replacement leaves generic resolver and concurrent baseline unchanged (71.003859ms)
✔ generic first-order unification freshens scopes rejects occurs cycles and backtracks honestly (0.904012ms)
✔ independent Horn replay rejects forged goals clauses premises context and substitution evidence (72.222423ms)
✔ Horn source imports detect missing dependencies and cycles without host graph resolution (18.944106ms)
✔ every declared Horn host operation is removable and no minimality is inferred from removal (16.317471ms)
✔ quoted Horn interpreter executes its actual source image with linked unification and freshening (41.227851ms)
✔ linked meta unification performs an occurs check and source replacement changes it (25.441039ms)
✔ source descriptions and generated clause images preserve the actual declared program (684.596912ms)
✔ Horn source and execution validation fails closed instead of claiming exhausted success (27.005485ms)
✔ immutable ground-term shortcut follows bound aliases and rolls back branches without stale groundness (0.853666ms)
✔ source-defined replay binds interned proof codes to the expected source and atom dictionary (157.129137ms)
✔ conditional trailing and constructor discrimination preserve all finite branch answers (5.499641ms)
✔ relational rewrite codec checks every output constructor and arity (9.587146ms)
✔ relational import inference and proof codecs reject malformed source outputs (4.204671ms)
✔ quoted result codec rejects wrong tags and noncanonical atom codes (2.500655ms)
✔ independently replays js generic and linked-interpreter certificates (86.781536ms)
✔ independently replays rust generic and linked-interpreter certificates (81.03318ms)
✔ recursive substitution replacement changes execution through the actual quoted source image (1256.461351ms)
✔ the quoted interpreter obeys a replaced linked occurs-check definition (507.679113ms)
✔ replacing the linked interpreter unifier blocks quoted execution while direct Horn execution still works (58.229072ms)
✔ linked Horn scheduling preserves S/K rotation even when the first rule stays productive (17706.08766ms)
✔ an unfinished conclusion normalization is blocked rather than reported as saturation (11092.556299ms)
✔ actual quoted Horn image preserves the entire six-capability workload (152392.452573ms)
▶ Repl preserves Env state across feeds
  ✔ runs the case-study session: declare, assign, query (7.86958ms)
  ✔ blank lines are no-ops and do not disturb state (1.098945ms)
  ✔ a later error does not lose earlier results in the same feed (0.934978ms)
✔ Repl preserves Env state across feeds (10.753012ms)
▶ Meta-commands
  ✔ :help prints the help text (0.530538ms)
  ✔ :? is an alias for :help (0.283587ms)
  ✔ :quit and :exit request termination (0.219451ms)
  ✔ :reset clears terms and transcript (2.049186ms)
  ✔ :env reports range, valence, terms, and assignments (0.932504ms)
  ✔ :load reads a file into the running env (1.279507ms)
  ✔ :load reports a clear error for missing files (0.339281ms)
  ✔ :load with no argument reports an error (0.202625ms)
  ✔ :save writes the transcript to disk (0.618992ms)
  ✔ :save with no argument reports an error (0.178469ms)
  ✔ unknown meta-commands surface a friendly error (0.195304ms)
✔ Meta-commands (7.423549ms)
▶ Tab-completion
  ✔ offers meta-commands when the line starts with `:` (0.281493ms)
  ✔ offers identifiers declared in the env (0.37171ms)
  ✔ returns built-in keywords even on an empty env (0.146571ms)
  ✔ completer narrows by prefix at the cursor (0.35192ms)
✔ Tab-completion (1.358616ms)
▶ formatEnv()
  ✔ shows continuous valence by default (0.133701ms)
  ✔ shows numeric valence when set (0.280162ms)
✔ formatEnv() (0.495095ms)
▶ Repl.feed step shape
  ✔ the no-op feed result is { output: "", error: "", exit: false } (0.136526ms)
✔ Repl.feed step shape (0.197517ms)
▶ runRepl drives IO streams to completion
  ✔ reads from stdin, writes results to stdout, and exits on :quit (3.137224ms)
✔ runRepl drives IO streams to completion (3.213519ms)
✔ researcher lifecycle uses public APIs on direct-structural (970.401357ms)
✔ researcher lifecycle uses public APIs on s-k (238087.787287ms)
✔ replay rejects changed context, missing premise, forged conclusion, dependencies and trace (1787.936319ms)
✔ changing a user source changes conclusions; source validation and version ownership cannot be bypassed (8.389172ms)
✔ constructs typed link-valued sets and executes their linked length algorithm on both bases (506.48648ms)
▶ tokenizeOne
  ✔ should tokenize simple link (1.167378ms)
  ✔ should tokenize nested link (0.133892ms)
  ✔ should strip inline comments (0.136155ms)
  ✔ should balance parens after stripping comments (0.107172ms)
✔ tokenizeOne (2.497822ms)
▶ parseOne
  ✔ should parse simple link (0.173291ms)
  ✔ should parse nested link (0.121563ms)
  ✔ should parse deeply nested link (0.115835ms)
✔ parseOne (0.679073ms)
▶ parseLino
  ✔ keeps multiline parenthesized RML forms flat with links-notation 0.20 (3.19465ms)
  ✔ preserves newlines in quoted references while flattening layout (0.613363ms)
  ✔ preserves multiline N-quote references while flattening layout (0.469457ms)
✔ parseLino (4.541989ms)
▶ Env
  ✔ should initialize with default operators (0.913395ms)
  ✔ should allow defining new operators (0.314063ms)
  ✔ should store expression probabilities (0.214343ms)
✔ Env (1.55447ms)
▶ evalNode
  ✔ should evaluate numeric literals (0.758101ms)
  ✔ should evaluate term definitions (0.517439ms)
  ✔ should evaluate operator redefinitions (0.297518ms)
  ✔ should evaluate aggregator selection (0.294914ms)
  ✔ should evaluate probability assignments (1.606098ms)
  ✔ should evaluate equality operator (0.427113ms)
  ✔ should evaluate inequality operator (0.240101ms)
  ✔ should evaluate not operator (0.19256ms)
  ✔ should evaluate and operator (avg) (0.175895ms)
  ✔ should evaluate or operator (max) (0.220572ms)
  ✔ should evaluate queries (0.261213ms)
✔ evalNode (5.304688ms)
▶ run
  ✔ should run demo.lino example (2.594517ms)
  ✔ should run flipped-axioms.lino example (1.264665ms)
  ✔ should handle different aggregators for and (0.775358ms)
  ✔ should handle product aggregator (full name) (0.374324ms)
  ✔ should handle product aggregator (short name backward compatible) (0.360412ms)
  ✔ should handle probabilistic_sum aggregator (full name) (0.470859ms)
  ✔ should handle probabilistic sum aggregator (short name backward compatible) (0.393853ms)
  ✔ should ignore comment-only links (0.430088ms)
  ✔ should handle inline comments (0.457138ms)
  ✔ handles inline comments that contain colons (1.148809ms)
✔ run (8.603606ms)
▶ meta-expression adapter API
  ✔ formalizes and evaluates arithmetic equality deterministically (0.658391ms)
  ✔ formalizes and evaluates arithmetic questions without query clamping (0.195214ms)
  ✔ keeps unsupported real-world claims partial with explicit unknowns (0.220112ms)
✔ meta-expression adapter API (1.172215ms)
▶ Example: classical-logic.lino
  ✔ should produce correct results for classical Boolean logic (1.756135ms)
✔ Example: classical-logic.lino (1.817888ms)
▶ Example: propositional-logic.lino
  ✔ should produce correct results for probabilistic propositional logic (1.698448ms)
✔ Example: propositional-logic.lino (1.804397ms)
▶ Example: fuzzy-logic.lino
  ✔ should produce correct results for fuzzy logic (Zadeh) (1.323724ms)
✔ Example: fuzzy-logic.lino (1.395181ms)
▶ Example: belnap-four-valued.lino
  ✔ should produce correct results for Belnap four-valued logic (1.047337ms)
✔ Example: belnap-four-valued.lino (1.119415ms)
▶ quantize
  ✔ should not quantize for valence < 2 (continuous) (0.125759ms)
  ✔ should quantize to 2 levels (binary/Boolean) (0.054562ms)
  ✔ should quantize to 3 levels (ternary) (0.078378ms)
  ✔ should quantize to 5 levels (0.064037ms)
  ✔ should quantize in [-1, 1] range (balanced ternary) (0.081453ms)
  ✔ should quantize binary in [-1, 1] range (0.050556ms)
✔ quantize (0.601536ms)
▶ Env with options
  ✔ should accept custom range (0.193331ms)
  ✔ should accept custom valence (0.098198ms)
  ✔ should clamp to range (0.563448ms)
  ✔ should clamp and quantize when valence is set (0.112619ms)
  ✔ should compute midpoint correctly for both ranges (0.132569ms)
  ✔ should use midpoint as default symbol probability (0.168574ms)
  ✔ not operator should mirror around midpoint in [-1,1] (0.154092ms)
  ✔ not operator should mirror around midpoint in [0,1] (0.088964ms)
✔ Env with options (1.677146ms)
▶ Unary logic (1-valued)
  ✔ should collapse all values to the midpoint (0.11232ms)
  ✔ should work via run with valence:1 configuration (0.29262ms)
✔ Unary logic (1-valued) (0.466773ms)
▶ Binary logic (2-valued, Boolean)
  ✔ should quantize truth values to {0, 1} in [0,1] range (0.992414ms)
  ✔ should quantize truth values to {-1, 1} in [-1,1] range (0.632432ms)
  ✔ should enforce law of excluded middle (A or not A = true) (0.452071ms)
  ✔ should enforce law of non-contradiction (A and not A = false) (0.430308ms)
✔ Binary logic (2-valued, Boolean) (2.651423ms)
▶ Ternary logic (3-valued)
  ✔ should quantize truth values to {0, 0.5, 1} in [0,1] range (0.151999ms)
  ✔ should quantize truth values to {-1, 0, 1} in [-1,1] range (balanced ternary) (0.169876ms)
  ✔ should handle Kleene strong three-valued logic (AND=min, OR=max) (0.467113ms)
  ✔ should handle Kleene logic: unknown AND false = false (0.21965ms)
  ✔ should handle Kleene logic: unknown OR true = true (0.273242ms)
  ✔ law of excluded middle fails in ternary logic (Kleene) (0.360904ms)
  ✔ should resolve the liar paradox to 0.5 (unknown) in [0,1] range (0.274323ms)
  ✔ should resolve the liar paradox to 0 in [-1,1] range (balanced ternary) (0.381304ms)
✔ Ternary logic (3-valued) (2.493635ms)
▶ Quaternary logic (4-valued)
  ✔ should quantize to 4 levels in [0,1]: {0, 1/3, 2/3, 1} (0.646163ms)
  ✔ should quantize to 4 levels in [-1,1]: {-1, -1/3, 1/3, 1} (0.115674ms)
  ✔ should support 4-valued logic via run (0.295715ms)
✔ Quaternary logic (4-valued) (1.142631ms)
▶ Quinary logic (5-valued)
  ✔ should quantize to 5 levels in [0,1]: {0, 0.25, 0.5, 0.75, 1} (0.197507ms)
  ✔ should support 5-valued logic with paradox at 0.5 (0.355275ms)
✔ Quinary logic (5-valued) (0.621146ms)
▶ Higher N-valued logics
  ✔ should support 7-valued logic (0.118288ms)
  ✔ should support 10-valued logic (0.085318ms)
  ✔ should support 100-valued logic (0.128964ms)
✔ Higher N-valued logics (0.3985ms)
▶ Continuous probabilistic logic (infinite-valued, fuzzy)
  ✔ should preserve exact values in [0,1] range (no quantization) (0.34547ms)
  ✔ should preserve exact values in [-1,1] range (0.401104ms)
  ✔ should handle the liar paradox at 0.5 in [0,1] (continuous) (0.383898ms)
  ✔ should handle the liar paradox at 0 in [-1,1] (continuous) (0.390838ms)
  ✔ should demonstrate fuzzy membership degrees (0.491971ms)
✔ Continuous probabilistic logic (infinite-valued, fuzzy) (2.14489ms)
▶ Range and valence configuration via LiNo syntax
  ✔ should configure range via (range: lo hi) define form (0.387023ms)
  ✔ should configure valence via (valence: N) define form (0.194854ms)
  ✔ should configure both range and valence (0.387904ms)
✔ Range and valence configuration via LiNo syntax (1.046876ms)
▶ Liar paradox resolution across logic types
  ✔ in ternary [0,1]: resolves to 0.5 (50%) (0.334874ms)
  ✔ in ternary [-1,1]: resolves to 0 (0%) (0.25896ms)
  ✔ in continuous [0,1]: resolves to 0.5 (50%) (0.768447ms)
  ✔ in continuous [-1,1]: resolves to 0 (0%) (0.469296ms)
  ✔ in 5-valued [0,1]: resolves to 0.5 (0.290718ms)
  ✔ in 5-valued [-1,1]: resolves to 0 (0.417459ms)
✔ Liar paradox resolution across logic types (2.706295ms)
▶ decRound
  ✔ should round 0.1 + 0.2 to exactly 0.3 (0.133911ms)
  ✔ should round 0.3 - 0.1 to exactly 0.2 (0.051928ms)
  ✔ should preserve exact values (0.042765ms)
  ✔ should handle non-finite values (0.044427ms)
✔ decRound (0.349386ms)
▶ Decimal arithmetic operators
  ✔ (? (0.1 + 0.2)) should equal 0.3 (0.296346ms)
  ✔ (? (0.3 - 0.1)) should equal 0.2 (0.2123ms)
  ✔ (? (0.1 * 0.2)) should equal 0.02 (0.189215ms)
  ✔ (? (1 / 3)) should equal 0.333333333333 (0.190017ms)
  ✔ (? (0 / 0)) should handle division by zero (0.216005ms)
  ✔ (? ((0.1 + 0.2) = 0.3)) should equal 1 (true) (0.343928ms)
  ✔ (? ((0.1 + 0.2) != 0.3)) should equal 0 (false) (0.289215ms)
  ✔ (? ((0.3 - 0.1) = 0.2)) should equal 1 (true) (0.273963ms)
  ✔ arithmetic with nested expressions (0.256016ms)
  ✔ arithmetic does not clamp intermediate values (0.249486ms)
  ✔ arithmetic equality across expressions (0.305149ms)
✔ Decimal arithmetic operators (3.104695ms)
▶ Truth constants: default values in [0,1] range
  ✔ true should default to 1 (max of range) (0.218028ms)
  ✔ false should default to 0 (min of range) (0.145659ms)
  ✔ unknown should default to 0.5 (mid of range) (0.171138ms)
  ✔ undefined should default to 0.5 (mid of range) (0.140802ms)
✔ Truth constants: default values in [0,1] range (0.766434ms)
▶ Truth constants: default values in [-1,1] range
  ✔ true should default to 1 (max of range) (0.191038ms)
  ✔ false should default to -1 (min of range) (0.167672ms)
  ✔ unknown should default to 0 (mid of range) (0.16551ms)
  ✔ undefined should default to 0 (mid of range) (0.935689ms)
✔ Truth constants: default values in [-1,1] range (1.555552ms)
▶ Truth constants: redefinition via (true: value)
  ✔ should allow redefining true (0.281273ms)
  ✔ should allow redefining false (0.155364ms)
  ✔ should allow redefining unknown (0.15257ms)
  ✔ should allow redefining undefined (0.155203ms)
  ✔ should allow redefining true and false in [-1,1] range (0.263256ms)
✔ Truth constants: redefinition via (true: value) (1.118655ms)
▶ Truth constants: range change re-initializes defaults
  ✔ should update truth constants when range changes (0.240732ms)
✔ Truth constants: range change re-initializes defaults (0.309566ms)
▶ Truth constants: use in expressions
  ✔ (not true) should equal false (0.209546ms)
  ✔ (not false) should equal true (0.227372ms)
  ✔ (not unknown) should equal unknown (fixed point of negation) (0.202375ms)
  ✔ (true and false) should equal 0.5 with avg aggregator (0.168714ms)
  ✔ (true or false) should equal 1 with max aggregator (0.177798ms)
  ✔ (true and false) should equal 0 with min aggregator (0.238389ms)
  ✔ truth constants in [-1,1] range with not (0.284779ms)
✔ Truth constants: use in expressions (1.655152ms)
▶ Truth constants: with quantization (valence)
  ✔ truth constants should work with binary valence (0.243276ms)
  ✔ truth constants should work with ternary valence (0.211479ms)
  ✔ truth constants should work with ternary valence in [-1,1] (0.225519ms)
✔ Truth constants: with quantization (valence) (0.779694ms)
▶ Truth constants: Env API
  ✔ Env should have truth constants initialized (0.13976ms)
  ✔ Env with [-1,1] range should have correct truth constants (0.090556ms)
  ✔ truth constants should survive operator redefinition (0.167062ms)
✔ Truth constants: Env API (0.465ms)
▶ Operators: both and neither (Belnap four-valued)
  ✔ both should compute avg of operands (contradiction) (0.265901ms)
  ✔ neither should compute product of operands (gap) (0.2057ms)
  ✔ both should be redefinable via aggregator (0.243487ms)
  ✔ neither should be redefinable via aggregator (0.218359ms)
  ✔ Env should have both and neither as operators (0.170476ms)
  ✔ both with same values should return that value (0.33208ms)
  ✔ neither with same values should return that value (0.375466ms)
  ✔ both with fuzzy values (0.392581ms)
  ✔ neither with fuzzy values (0.453663ms)
  ✔ both should work in prefix form (0.224528ms)
  ✔ neither should work in prefix form (0.209676ms)
  ✔ both should work in composite natural language form: (both A and B) (0.342936ms)
  ✔ neither should work in composite natural language form: (neither A nor B) (0.353633ms)
  ✔ composite both should work with variadic form: (both A and B and C) (0.264649ms)
  ✔ composite neither should work with variadic form: (neither A nor B nor C) (0.425802ms)
  ✔ composite both should be redefinable (0.32559ms)
  ✔ composite neither should be redefinable (0.333161ms)
  ✔ both should update behavior when range changes (0.388755ms)
  ✔ issue scenario: both (a=a) and (a!=a) gives 0.5 (0.373252ms)
  ✔ issue scenario: neither (a=a) nor (a!=a) gives 0 (0.389196ms)
  ✔ issue scenario: infix backward compat (a=a) both (a!=a) gives 0.5 (0.419752ms)
✔ Operators: both and neither (Belnap four-valued) (7.187944ms)
▶ Truth constants: liar paradox using truth constants
  ✔ liar paradox with true/false constants in [0,1] (0.314864ms)
  ✔ liar paradox with truth constants in [-1,1] (0.413393ms)
✔ Truth constants: liar paradox using truth constants (0.931372ms)
▶ Type System: substitute (beta-reduction helper)
  ✔ should expose subst as the kernel substitution primitive (0.206912ms)
  ✔ should substitute a variable in a string (0.061352ms)
  ✔ should not substitute a different variable (0.041483ms)
  ✔ should substitute in arrays (0.161223ms)
  ✔ should substitute recursively in nested arrays (0.071928ms)
  ✔ should not substitute inside shadowing lambda bindings (colon form) (0.173321ms)
  ✔ should not substitute inside shadowing lambda bindings (prefix form) (0.09257ms)
  ✔ should not substitute inside shadowing Pi bindings (0.060511ms)
  ✔ should substitute free variables in lambda body (0.329286ms)
  ✔ should alpha-rename lambda binders that would capture the replacement (0.282956ms)
  ✔ should alpha-rename Pi binders that would capture the replacement (0.121703ms)
  ✔ should alpha-rename fresh binders that would capture the replacement (0.093231ms)
✔ Type System: substitute (beta-reduction helper) (1.945169ms)
▶ Type System: universe sorts — (Type N)
  ✔ should evaluate (Type 0) as a valid expression (0.846284ms)
  ✔ should store type of (Type 0) as (Type 1) (0.145399ms)
  ✔ should store type of (Type 1) as (Type 2) (0.13271ms)
  ✔ (Type 0) via run should work (0.302606ms)
✔ Type System: universe sorts — (Type N) (1.556013ms)
▶ Type System: typed variable declarations — (name: Type name)
  ✔ should declare a typed variable via prefix notation (0.297388ms)
  ✔ should return false for wrong type (0.262755ms)
  ✔ should support multiple typed declarations (0.373422ms)
✔ Type System: typed variable declarations — (name: Type name) (1.013736ms)
▶ Type System: Pi-types — (Pi (Natural x) B)
  ✔ should evaluate a Pi-type as valid (0.222505ms)
  ✔ should register Pi-type in the type environment (0.11273ms)
  ✔ should register the parameter type from Pi (0.101623ms)
  ✔ non-dependent function type: (Pi (Natural _) Boolean) (0.266271ms)
✔ Type System: Pi-types — (Pi (Natural x) B) (0.787996ms)
▶ Type System: lambda abstraction — (lambda (Natural x) body)
  ✔ should evaluate a lambda as valid (0.322125ms)
  ✔ should store lambda type as a Pi-type (0.116505ms)
✔ Type System: lambda abstraction — (lambda (Natural x) body) (0.493333ms)
▶ Type System: application — (apply f x) with beta-reduction
  ✔ should beta-reduce (apply (lambda (Natural x) x) 0.5) to 0.5 (0.293622ms)
  ✔ should beta-reduce with arithmetic in body (0.263597ms)
  ✔ should apply named lambda via (apply name arg) (0.311179ms)
  ✔ should apply named lambda via prefix form (name arg) (0.260141ms)
  ✔ should apply const function (0.22546ms)
✔ Type System: application — (apply f x) with beta-reduction (1.495892ms)
▶ Type System: type check query — (expr of Type)
  ✔ should confirm type with of link (0.282555ms)
  ✔ should reject wrong type (0.294404ms)
  ✔ should work with universe types (0.208254ms)
✔ Type System: type check query — (expr of Type) (0.861718ms)
▶ Type System: type of query — (type of expr)
  ✔ should infer type of a typed variable (0.333833ms)
  ✔ should return unknown for untyped expressions (0.307754ms)
✔ Type System: type of query — (type of expr) (0.7045ms)
▶ Type System: encoding Lean/Rocq core concepts as links
  ✔ should define natural number type and constructors (0.592613ms)
  ✔ should define Boolean type and constructors (0.37174ms)
  ✔ should define identity function with type (0.59751ms)
  ✔ should combine types with probability assignments (0.465671ms)
  ✔ should define and apply identity function (0.479322ms)
✔ Type System: encoding Lean/Rocq core concepts as links (2.644662ms)
▶ Type System: backward compatibility
  ✔ existing term definitions still work (0.27883ms)
  ✔ existing probability assignments still work (0.647956ms)
  ✔ existing operators still work (0.285851ms)
  ✔ liar paradox still works (0.376667ms)
  ✔ arithmetic still works (0.247773ms)
  ✔ mixed: types alongside probabilistic logic (0.440373ms)
✔ Type System: backward compatibility (2.424841ms)
▶ Type System: prefix type notation — (name: Type name)
  ✔ (zero: Natural zero) declares zero has type Natural (0.364749ms)
  ✔ (Boolean: (Type 0) Boolean) declares Boolean has type (Type 0) (0.298971ms)
  ✔ prefix notation with simple type names (0.367123ms)
  ✔ prefix notation with Pi-type constructor (0.45148ms)
  ✔ type hierarchy: (Type: (Type 0) Type), (Boolean: Type Boolean) (1.126836ms)
  ✔ lambda with multi-param binding: (lambda (Natural x, Natural y) body) (0.29886ms)
✔ Type System: prefix type notation — (name: Type name) (3.093488ms)
▶ Type System: self-referential (Type: Type Type) — dynamic axiomatic system
  ✔ (Type: Type Type) defines Type as its own type (0.249596ms)
  ✔ (Type: Type Type) supports full type hierarchy (0.343938ms)
  ✔ (type of Natural) returns Type when using self-referential Type (0.260712ms)
  ✔ (Type: Type Type) coexists with (Type N) universe hierarchy (0.518831ms)
  ✔ paradox resolution: liar paradox alongside self-referential types (0.379251ms)
  ✔ paradox resolution: self-referential equality resolves to 0.5 (0.267743ms)
✔ Type System: self-referential (Type: Type Type) — dynamic axiomatic system (2.245231ms)
▶ Bayesian Inference
  ✔ Bayes theorem: medical diagnosis P(Disease|Positive) (0.493193ms)
  ✔ probabilistic AND (product): P(A ∩ B) = P(A)*P(B) (0.480673ms)
  ✔ probabilistic OR (probabilistic_sum): P(A ∪ B) = 1-(1-P(A))*(1-P(B)) (0.47162ms)
  ✔ joint probability with product and probabilistic_sum together (0.698853ms)
  ✔ Bayesian network: chain rule decomposition (0.296156ms)
  ✔ law of total probability (0.210396ms)
  ✔ conditional probability via Bayes: P(A|B) = P(B|A)*P(A)/P(B) (0.263817ms)
  ✔ independent events: P(A ∩ B) = P(A)*P(B) (0.355605ms)
  ✔ complement rule: P(~A) = 1 - P(A) (0.295315ms)
  ✔ multi-node network with prefix AND (0.569067ms)
✔ Bayesian Inference (4.341468ms)
▶ Self-Reasoning: meta-logic reasoning about itself
  ✔ can define and query properties of logic systems (0.449237ms)
  ✔ can compare properties of different logic systems (0.520484ms)
  ✔ can reason about its own paradox resolution (0.423517ms)
✔ Self-Reasoning: meta-logic reasoning about itself (1.473128ms)
▶ Valence coverage: 0 (continuous) through high N
  ✔ valence 0: continuous — no quantization (0.508816ms)
  ✔ valence 1: unary — no quantization (0.258339ms)
  ✔ valence 6: six-valued logic (1.377644ms)
  ✔ valence 7: seven-valued logic (0.276967ms)
  ✔ valence 10: ten-valued logic (0.374304ms)
  ✔ valence 100: hundred-valued logic — fine granularity (0.310387ms)
  ✔ valence 1000: thousand-valued — near-continuous (0.29167ms)
  ✔ valence 6, balanced range [-1,1]: six-valued (0.290277ms)
  ✔ valence 2: binary with product AND and probabilistic_sum OR (0.449597ms)
  ✔ valence 3: ternary with Bayesian product AND (0.331709ms)
✔ Valence coverage: 0 (continuous) through high N (4.712506ms)
▶ Truth constants
  ✔ true defaults to 1 in [0,1] (0.386492ms)
  ✔ false defaults to 0 in [0,1] (0.143606ms)
  ✔ unknown defaults to 0.5 in [0,1] (0.126841ms)
  ✔ undefined defaults to 0.5 in [0,1] (0.12582ms)
  ✔ true defaults to 1 in [-1,1] (0.149876ms)
  ✔ false defaults to -1 in [-1,1] (0.146861ms)
  ✔ unknown defaults to 0 in [-1,1] (0.150447ms)
  ✔ undefined defaults to 0 in [-1,1] (0.194343ms)
  ✔ redefine true (0.13947ms)
  ✔ redefine false (0.137427ms)
  ✔ redefine unknown (0.138068ms)
  ✔ redefine undefined (0.143015ms)
  ✔ redefine in balanced range (0.230407ms)
  ✔ range change reinitializes defaults (0.219501ms)
  ✔ not true (0.155825ms)
  ✔ not false (0.148303ms)
  ✔ not unknown (0.187812ms)
  ✔ true and false (avg) (0.194763ms)
  ✔ true or false (max) (0.187773ms)
  ✔ true and false (min) (0.197468ms)
  ✔ balanced not operators (0.261834ms)
  ✔ binary valence (0.197157ms)
  ✔ ternary valence (0.197388ms)
  ✔ ternary balanced (0.181644ms)
  ✔ Env API [0,1] (0.093771ms)
  ✔ Env API [-1,1] (0.080772ms)
  ✔ survive operator redefinition (0.150877ms)
  ✔ liar paradox [0,1] (0.343848ms)
  ✔ liar paradox [-1,1] (0.230897ms)
✔ Truth constants (5.749948ms)
▶ Liar paradox across logic types
  ✔ ternary [0,1] (0.245289ms)
  ✔ ternary [-1,1] (0.250086ms)
  ✔ continuous [0,1] (0.272611ms)
  ✔ continuous [-1,1] (0.248384ms)
  ✔ 5-valued [0,1] (0.233862ms)
  ✔ 5-valued [-1,1] (0.260382ms)
✔ Liar paradox across logic types (1.676484ms)
▶ Arithmetic equality
  ✔ (0.1 + 0.2) = 0.3 (0.786434ms)
  ✔ (0.1 + 0.2) != 0.3 is false (0.231568ms)
  ✔ (0.3 - 0.1) = 0.2 (0.18579ms)
✔ Arithmetic equality (1.278595ms)
▶ Higher N-valued logics
  ✔ 7-valued logic (0.126331ms)
  ✔ 10-valued logic (0.124928ms)
  ✔ 100-valued logic (0.099069ms)
  ✔ 5-valued paradox at 0.5 (0.251229ms)
✔ Higher N-valued logics (0.685002ms)
▶ Pi-types
  ✔ Pi type evaluation (0.182695ms)
  ✔ Pi type non-dependent (0.153811ms)
✔ Pi-types (0.423087ms)
▶ Lambda abstraction
  ✔ lambda evaluates as valid (0.186671ms)
  ✔ lambda multi-param (0.213321ms)
✔ Lambda abstraction (0.452652ms)
▶ Application (beta-reduction)
  ✔ apply identity (0.261624ms)
  ✔ apply arithmetic (0.276286ms)
  ✔ apply const function (0.229646ms)
✔ Application (beta-reduction) (0.866726ms)
▶ Prefix type notation
  ✔ zero of Natural (0.30562ms)
  ✔ complex type (0.236987ms)
  ✔ multiple constructors (0.282646ms)
  ✔ with Pi constructor (0.315846ms)
  ✔ type hierarchy (0.266352ms)
✔ Prefix type notation (1.51419ms)
▶ Lean/Rocq core concepts
  ✔ Natural type constructors (0.284508ms)
  ✔ Boolean type constructors (0.221763ms)
  ✔ identity function type (0.335044ms)
✔ Lean/Rocq core concepts (0.912194ms)
▶ Self-referential types
  ✔ Type: Type Type (0.193912ms)
  ✔ full hierarchy (0.269626ms)
  ✔ type of query (0.255555ms)
  ✔ coexists with universe hierarchy (0.350338ms)
  ✔ liar paradox alongside (0.32566ms)
  ✔ paradox resolution (0.309506ms)
✔ Self-referential types (1.852339ms)
▶ Self-reasoning (meta-logic)
  ✔ logic properties (0.457729ms)
  ✔ compare logics (0.399401ms)
  ✔ paradox resolution in meta context (0.306232ms)
✔ Self-reasoning (meta-logic) (1.236001ms)
▶ Backward compatibility
  ✔ arithmetic still works (0.154432ms)
✔ Backward compatibility (0.192129ms)
▶ Markov chains
  ✔ one-step transition: sunny (0.208484ms)
  ✔ one-step transition: rainy (0.206742ms)
  ✔ two-step transition (0.802849ms)
  ✔ joint probability (0.201674ms)
  ✔ stationary distribution (0.362926ms)
  ✔ conditional transitions with links (0.545933ms)
✔ Markov chains (2.564552ms)
▶ Markov networks (cyclic)
  ✔ pairwise joint probability in cyclic network (0.55147ms)
  ✔ three-way clique in cyclic network (0.423628ms)
  ✔ union in cyclic network (0.473133ms)
  ✔ unnormalized clique potential product (0.28515ms)
  ✔ normalized probability via partition function (0.203998ms)
✔ Markov networks (cyclic) (2.046953ms)
▶ Rocq export
  ✔ exports typed declarations and typed queries to Rocq source (6.590264ms)
  ✔ exports simple inductive declarations as Rocq inductives (1.081699ms)
  ✔ rejects probabilistic operators outside the typed export subset (0.640605ms)
  ✔ writes Rocq output for the shared example through the rml export rocq CLI (72.740879ms)
✔ Rocq export (82.077068ms)
▶ self evaluator
  ✔ is importable as a standard library file (37.703634ms)
  ✔ declares the required built-in operator rules as links (10.773153ms)
  ✔ declares the Phase 2-9 foundation and proof clauses as links (9.020322ms)
  ✔ replays self corpus evaluator-operators.lino like the host evaluator (13.904598ms)
  ✔ replays example automatic-sequences.lino like the host evaluator (8.735333ms)
  ✔ replays example bayesian-inference.lino like the host evaluator (7.621937ms)
  ✔ replays example bayesian-network.lino like the host evaluator (7.941228ms)
  ✔ replays example belnap-four-valued.lino like the host evaluator (8.225135ms)
  ✔ replays example classical-logic.lino like the host evaluator (7.091048ms)
  ✔ replays example demo.lino like the host evaluator (7.461846ms)
  ✔ replays example dependent-types.lino like the host evaluator (7.350138ms)
  ✔ replays example flipped-axioms.lino like the host evaluator (6.21638ms)
  ✔ replays example foundation-boolean-kleene.lino like the host evaluator (10.077195ms)
  ✔ replays example foundation-with-min.lino like the host evaluator (7.074463ms)
  ✔ replays example fuzzy-logic.lino like the host evaluator (9.706987ms)
  ✔ replays example isabelle-typed-fragment.lino like the host evaluator (9.290009ms)
  ✔ replays example lambda-calculus.lino like the host evaluator (11.065102ms)
  ✔ replays example lean-export-basic.lino like the host evaluator (8.06859ms)
  ✔ replays example liar-paradox-balanced.lino like the host evaluator (7.443559ms)
  ✔ replays example liar-paradox.lino like the host evaluator (5.71803ms)
  ✔ replays example markov-chain.lino like the host evaluator (5.942899ms)
  ✔ replays example markov-network.lino like the host evaluator (7.971764ms)
  ✔ replays example mtc-anum-theory.lino like the host evaluator (9.498433ms)
  ✔ replays example nat-links.lino like the host evaluator (18.798947ms)
  ✔ replays example proof-checking-relation.lino like the host evaluator (7.57695ms)
  ✔ replays example propositional-logic.lino like the host evaluator (9.573095ms)
  ✔ replays example rocq-export.lino like the host evaluator (9.229128ms)
  ✔ replays example self-reasoning.lino like the host evaluator (8.614011ms)
  ✔ replays example ternary-kleene.lino like the host evaluator (18.545997ms)
  ✔ replays example typed-kernel-links.lino like the host evaluator (12.111788ms)
✔ self evaluator (310.829991ms)
▶ self LiNo grammar
  ✔ is importable as a standard library file (20.737197ms)
  ✔ declares the required grammar rules as links (7.374504ms)
  ✔ parses automatic-sequences.lino with the same AST as the host parser (5.448444ms)
  ✔ parses bayesian-inference.lino with the same AST as the host parser (5.254652ms)
  ✔ parses bayesian-network.lino with the same AST as the host parser (5.637249ms)
  ✔ parses belnap-four-valued.lino with the same AST as the host parser (4.936704ms)
  ✔ parses classical-logic.lino with the same AST as the host parser (4.88795ms)
  ✔ parses demo.lino with the same AST as the host parser (4.351513ms)
  ✔ parses dependent-types.lino with the same AST as the host parser (4.690212ms)
  ✔ parses expected.lino with the same AST as the host parser (5.283466ms)
  ✔ parses flipped-axioms.lino with the same AST as the host parser (4.683493ms)
  ✔ parses foundation-boolean-kleene.lino with the same AST as the host parser (6.580228ms)
  ✔ parses foundation-with-min.lino with the same AST as the host parser (4.86767ms)
  ✔ parses fuzzy-logic.lino with the same AST as the host parser (4.685045ms)
  ✔ parses isabelle-typed-fragment.lino with the same AST as the host parser (3.322062ms)
  ✔ parses lambda-calculus.lino with the same AST as the host parser (4.507438ms)
  ✔ parses lean-export-basic.lino with the same AST as the host parser (4.069548ms)
  ✔ parses liar-paradox-balanced.lino with the same AST as the host parser (3.828265ms)
  ✔ parses liar-paradox.lino with the same AST as the host parser (3.993553ms)
  ✔ parses markov-chain.lino with the same AST as the host parser (3.769466ms)
  ✔ parses markov-network.lino with the same AST as the host parser (4.194727ms)
  ✔ parses mtc-anum-theory.lino with the same AST as the host parser (5.387081ms)
  ✔ parses nat-links.lino with the same AST as the host parser (8.418436ms)
  ✔ parses proof-checking-relation.lino with the same AST as the host parser (4.348368ms)
  ✔ parses propositional-logic.lino with the same AST as the host parser (4.546677ms)
  ✔ parses rocq-export.lino with the same AST as the host parser (3.939652ms)
  ✔ parses self-reasoning.lino with the same AST as the host parser (4.414046ms)
  ✔ parses ternary-kleene.lino with the same AST as the host parser (4.089268ms)
  ✔ parses typed-kernel-links.lino with the same AST as the host parser (5.203065ms)
✔ self LiNo grammar (159.491164ms)
▶ self metatheorem checker
  ✔ is importable as a standard library file (24.915087ms)
  ✔ declares the required rule subjects as links (7.831653ms)
  ✔ encodes the required diagnostic codes (5.666873ms)
  ✔ declares totality, coverage, and termination as check kinds (4.619517ms)
  ✔ declares the master entity with correct version (4.54866ms)
  ✔ declares a host-metatheorem-checker-presentation rule (4.161836ms)
✔ self metatheorem checker (52.763612ms)
▶ self metatheorem checker surface matches host checker behavior
  ✔ host certifies `plus` as total and covered (D12+D14) (2.174364ms)
  ✔ host flags missing constructor case with E037 (D14 coverage failure) (0.805864ms)
  ✔ host flags non-structural recursion with E032 (D12 totality failure) (0.684531ms)
  ✔ host certifies a terminating definition via D13 (1.032895ms)
  ✔ host flags a non-terminating definition with E035 (D13 failure) (0.484129ms)
✔ self metatheorem checker surface matches host checker behavior (5.509987ms)
▶ lib/self/operators.lino
  ✔ is importable as a standard library file (13.758107ms)
  ✔ declares the operator relations using the issue surface (2.744363ms)
  ✔ matches host output for avg to 12 decimal places (4.636792ms)
  ✔ matches host output for min to 12 decimal places (3.724469ms)
  ✔ matches host output for max to 12 decimal places (2.510921ms)
  ✔ matches host output for product to 12 decimal places (3.585909ms)
  ✔ matches host output for probabilistic_sum to 12 decimal places (1.961384ms)
  ✔ matches host output for decimal-sum to 12 decimal places (2.181184ms)
  ✔ matches host output for decimal-difference to 12 decimal places (2.314756ms)
  ✔ matches host output for decimal-product to 12 decimal places (1.678618ms)
  ✔ matches host output for decimal-quotient to 12 decimal places (1.913121ms)
  ✔ matches host output for decimal-quotient-zero to 12 decimal places (1.532478ms)
✔ lib/self/operators.lino (44.127398ms)
▶ self type layer
  ✔ is importable as a standard library file (18.31246ms)
  ✔ declares the required synth and check rules as links (9.153072ms)
  ✔ synth known term like the host checker (8.889005ms)
  ✔ synth universe successor like the host checker (3.845951ms)
  ✔ synth invalid universe like the host checker (4.05738ms)
  ✔ synth Prop universe like the host checker (3.24733ms)
  ✔ synth Pi formation like the host checker (3.344987ms)
  ✔ synth prenex forall formation like the host checker (2.953327ms)
  ✔ synth lambda synthesis like the host checker (2.879035ms)
  ✔ synth application synthesis like the host checker (3.279148ms)
  ✔ synth substitution synthesis like the host checker (3.372408ms)
  ✔ synth type-of query like the host checker (3.036201ms)
  ✔ synth of-membership query like the host checker (2.700517ms)
  ✔ synth unknown symbol rejection like the host checker (3.185226ms)
  ✔ synth non-Pi application rejection like the host checker (3.197745ms)
  ✔ synth malformed lambda binder rejection like the host checker (2.740116ms)
  ✔ check recorded term like the host checker (2.947649ms)
  ✔ check lambda against Pi like the host checker (2.703101ms)
  ✔ check numeric literal like the host checker (2.518822ms)
  ✔ check lambda body in extended context like the host checker (2.765014ms)
  ✔ check prenex forall expected type like the host checker (3.021801ms)
  ✔ check type mismatch rejection like the host checker (2.608418ms)
  ✔ check lambda against non-Pi rejection like the host checker (2.487256ms)
  ✔ check lambda parameter mismatch rejection like the host checker (2.424821ms)
  ✔ check unknown term rejection like the host checker (2.585463ms)
✔ self type layer (106.364039ms)
▶ recursive typed semantic archive
  ✔ round trips linked semantic categories sharing identity and cycles without host caches (4.212382ms)
  ✔ rejects duplicate roles and dangling metadata instead of reporting false closure (1.37481ms)
  ✔ preserves explicit open boundaries and never invents definitions for textual pair types (0.538922ms)
  ✔ reserves generated type-fact identities and rejects colliding definitions atomically (0.289416ms)
  ✔ bounds decoding and rejects truncation malformed lengths UTF-8 and trailing content (1.123872ms)
  ✔ keeps a selected graph ontology separate from foundation-defined universes and soundness obligations (766.446617ms)
✔ recursive typed semantic archive (775.375974ms)
▶ shared examples (root /examples folder)
  ✔ every .lino file is covered by expected.lino (1.561982ms)
  ✔ expected.lino has no orphan entries (0.133431ms)
  ▶ automatic-sequences.lino
    ✔ produces the expected number of results (0.130817ms)
    ✔ result[0] matches expected (0.223416ms)
  ✔ automatic-sequences.lino (0.553914ms)
  ▶ bayesian-inference.lino
    ✔ produces the expected number of results (0.098538ms)
    ✔ result[0] matches expected (0.083255ms)
    ✔ result[1] matches expected (0.159651ms)
    ✔ result[2] matches expected (0.09356ms)
  ✔ bayesian-inference.lino (0.662558ms)
  ▶ bayesian-network.lino
    ✔ produces the expected number of results (0.143016ms)
    ✔ result[0] matches expected (0.124898ms)
    ✔ result[1] matches expected (0.063075ms)
    ✔ result[2] matches expected (0.03992ms)
    ✔ result[3] matches expected (0.036856ms)
    ✔ result[4] matches expected (0.063495ms)
    ✔ result[5] matches expected (0.050997ms)
    ✔ result[6] matches expected (0.029344ms)
  ✔ bayesian-network.lino (0.799113ms)
  ▶ belnap-four-valued.lino
    ✔ produces the expected number of results (0.145128ms)
    ✔ result[0] matches expected (0.031518ms)
    ✔ result[1] matches expected (0.063736ms)
    ✔ result[2] matches expected (0.027702ms)
    ✔ result[3] matches expected (0.025128ms)
    ✔ result[4] matches expected (0.056035ms)
    ✔ result[5] matches expected (0.031067ms)
    ✔ result[6] matches expected (0.02654ms)
    ✔ result[7] matches expected (0.041493ms)
    ✔ result[8] matches expected (0.02671ms)
    ✔ result[9] matches expected (0.053951ms)
    ✔ result[10] matches expected (0.045569ms)
    ✔ result[11] matches expected (0.061412ms)
    ✔ result[12] matches expected (0.032209ms)
    ✔ result[13] matches expected (0.027462ms)
  ✔ belnap-four-valued.lino (0.978493ms)
  ▶ classical-logic.lino
    ✔ produces the expected number of results (0.167862ms)
    ✔ result[0] matches expected (0.029995ms)
    ✔ result[1] matches expected (0.028653ms)
    ✔ result[2] matches expected (0.048563ms)
    ✔ result[3] matches expected (0.03937ms)
    ✔ result[4] matches expected (0.032449ms)
    ✔ result[5] matches expected (0.060531ms)
    ✔ result[6] matches expected (0.063906ms)
    ✔ result[7] matches expected (0.066199ms)
    ✔ result[8] matches expected (0.073932ms)
  ✔ classical-logic.lino (0.806234ms)
  ▶ demo.lino
    ✔ produces the expected number of results (0.050105ms)
    ✔ result[0] matches expected (0.032879ms)
    ✔ result[1] matches expected (0.026149ms)
  ✔ demo.lino (0.207793ms)
  ▶ dependent-types.lino
    ✔ produces the expected number of results (0.099069ms)
    ✔ result[0] matches expected (0.807496ms)
    ✔ result[1] matches expected (0.044107ms)
    ✔ result[2] matches expected (0.02624ms)
    ✔ result[3] matches expected (0.03357ms)
    ✔ result[4] matches expected (0.070606ms)
    ✔ result[5] matches expected (0.031568ms)
    ✔ result[6] matches expected (0.024036ms)
    ✔ result[7] matches expected (0.022393ms)
  ✔ dependent-types.lino (1.343634ms)
  ▶ flipped-axioms.lino
    ✔ produces the expected number of results (0.054993ms)
    ✔ result[0] matches expected (0.024477ms)
    ✔ result[1] matches expected (0.01965ms)
  ✔ flipped-axioms.lino (0.257568ms)
  ▶ foundation-boolean-kleene.lino
    ✔ produces the expected number of results (0.095454ms)
    ✔ result[0] matches expected (0.020401ms)
    ✔ result[1] matches expected (0.017907ms)
    ✔ result[2] matches expected (0.02003ms)
    ✔ result[3] matches expected (0.018447ms)
    ✔ result[4] matches expected (0.017386ms)
    ✔ result[5] matches expected (0.0205ms)
    ✔ result[6] matches expected (0.018949ms)
    ✔ result[7] matches expected (0.040071ms)
    ✔ result[8] matches expected (0.022214ms)
    ✔ result[9] matches expected (0.017837ms)
    ✔ result[10] matches expected (0.017947ms)
  ✔ foundation-boolean-kleene.lino (0.543038ms)
  ▶ foundation-with-min.lino
    ✔ produces the expected number of results (0.058147ms)
    ✔ result[0] matches expected (0.021572ms)
    ✔ result[1] matches expected (0.017977ms)
    ✔ result[2] matches expected (0.017236ms)
  ✔ foundation-with-min.lino (0.193501ms)
  ▶ fuzzy-logic.lino
    ✔ produces the expected number of results (0.05318ms)
    ✔ result[0] matches expected (0.018989ms)
    ✔ result[1] matches expected (0.02019ms)
    ✔ result[2] matches expected (0.018338ms)
    ✔ result[3] matches expected (0.017707ms)
    ✔ result[4] matches expected (0.017957ms)
    ✔ result[5] matches expected (0.016986ms)
  ✔ fuzzy-logic.lino (0.253933ms)
  ▶ isabelle-typed-fragment.lino
    ✔ produces the expected number of results (0.028883ms)
    ✔ result[0] matches expected (0.055113ms)
  ✔ isabelle-typed-fragment.lino (0.122264ms)
  ▶ lambda-calculus.lino
    ✔ produces the expected number of results (0.058438ms)
    ✔ result[0] matches expected (0.017507ms)
    ✔ result[1] matches expected (0.029094ms)
    ✔ result[2] matches expected (0.024888ms)
    ✔ result[3] matches expected (0.022744ms)
    ✔ result[4] matches expected (0.017997ms)
    ✔ result[5] matches expected (0.04627ms)
    ✔ result[6] matches expected (0.02615ms)
  ✔ lambda-calculus.lino (0.448025ms)
  ▶ lean-export-basic.lino
    ✔ produces the expected number of results (0.036154ms)
    ✔ result[0] matches expected (0.107702ms)
  ✔ lean-export-basic.lino (0.201453ms)
  ▶ liar-paradox-balanced.lino
    ✔ produces the expected number of results (0.035654ms)
    ✔ result[0] matches expected (0.017556ms)
    ✔ result[1] matches expected (0.020461ms)
  ✔ liar-paradox-balanced.lino (0.117637ms)
  ▶ liar-paradox.lino
    ✔ produces the expected number of results (0.03289ms)
    ✔ result[0] matches expected (0.018117ms)
    ✔ result[1] matches expected (0.019319ms)
  ✔ liar-paradox.lino (0.110416ms)
  ▶ markov-chain.lino
    ✔ produces the expected number of results (0.078528ms)
    ✔ result[0] matches expected (0.043776ms)
    ✔ result[1] matches expected (0.023025ms)
    ✔ result[2] matches expected (0.017667ms)
    ✔ result[3] matches expected (0.017376ms)
    ✔ result[4] matches expected (0.017125ms)
  ✔ markov-chain.lino (0.272009ms)
  ▶ markov-network.lino
    ✔ produces the expected number of results (0.061112ms)
    ✔ result[0] matches expected (0.042754ms)
    ✔ result[1] matches expected (0.021733ms)
    ✔ result[2] matches expected (0.017656ms)
    ✔ result[3] matches expected (0.037466ms)
    ✔ result[4] matches expected (0.036415ms)
    ✔ result[5] matches expected (0.018788ms)
    ✔ result[6] matches expected (0.017957ms)
  ✔ markov-network.lino (0.370157ms)
  ▶ mtc-anum-theory.lino
    ✔ produces the expected number of results (0.035824ms)
    ✔ result[0] matches expected (0.02019ms)
    ✔ result[1] matches expected (0.016695ms)
    ✔ result[2] matches expected (0.054993ms)
  ✔ mtc-anum-theory.lino (0.179941ms)
  ▶ nat-links.lino
    ✔ produces the expected number of results (0.201313ms)
    ✔ result[0] matches expected (0.021803ms)
    ✔ result[1] matches expected (0.017226ms)
    ✔ result[2] matches expected (0.016185ms)
    ✔ result[3] matches expected (0.017566ms)
    ✔ result[4] matches expected (0.016414ms)
    ✔ result[5] matches expected (0.015924ms)
    ✔ result[6] matches expected (0.016815ms)
    ✔ result[7] matches expected (0.017226ms)
    ✔ result[8] matches expected (0.02016ms)
    ✔ result[9] matches expected (0.017797ms)
    ✔ result[10] matches expected (0.016906ms)
    ✔ result[11] matches expected (0.017656ms)
    ✔ result[12] matches expected (0.017016ms)
    ✔ result[13] matches expected (0.016615ms)
    ✔ result[14] matches expected (0.020291ms)
    ✔ result[15] matches expected (0.017576ms)
    ✔ result[16] matches expected (0.016775ms)
    ✔ result[17] matches expected (0.018848ms)
    ✔ result[18] matches expected (0.017006ms)
    ✔ result[19] matches expected (0.016795ms)
    ✔ result[20] matches expected (0.016235ms)
    ✔ result[21] matches expected (0.017276ms)
    ✔ result[22] matches expected (0.016495ms)
    ✔ result[23] matches expected (0.016415ms)
  ✔ nat-links.lino (1.024643ms)
  ▶ proof-checking-relation.lino
    ✔ produces the expected number of results (0.035243ms)
    ✔ result[0] matches expected (0.018257ms)
  ✔ proof-checking-relation.lino (0.089364ms)
  ▶ propositional-logic.lino
    ✔ produces the expected number of results (0.090045ms)
    ✔ result[0] matches expected (0.04622ms)
    ✔ result[1] matches expected (0.049825ms)
    ✔ result[2] matches expected (0.023906ms)
    ✔ result[3] matches expected (0.017576ms)
    ✔ result[4] matches expected (0.022304ms)
    ✔ result[5] matches expected (0.017997ms)
    ✔ result[6] matches expected (0.04681ms)
  ✔ propositional-logic.lino (0.437279ms)
  ▶ rocq-export.lino
    ✔ produces the expected number of results (0.08637ms)
    ✔ result[0] matches expected (0.021773ms)
    ✔ result[1] matches expected (0.016515ms)
    ✔ result[2] matches expected (0.063786ms)
    ✔ result[3] matches expected (0.029534ms)
  ✔ rocq-export.lino (0.283357ms)
  ▶ self-reasoning.lino
    ✔ produces the expected number of results (0.101092ms)
    ✔ result[0] matches expected (0.020881ms)
    ✔ result[1] matches expected (0.016986ms)
    ✔ result[2] matches expected (0.022183ms)
    ✔ result[3] matches expected (0.046851ms)
    ✔ result[4] matches expected (0.018007ms)
    ✔ result[5] matches expected (0.04007ms)
    ✔ result[6] matches expected (0.020802ms)
    ✔ result[7] matches expected (0.023976ms)
  ✔ self-reasoning.lino (0.461736ms)
  ▶ ternary-kleene.lino
    ✔ produces the expected number of results (0.07315ms)
    ✔ result[0] matches expected (0.023335ms)
    ✔ result[1] matches expected (0.018278ms)
    ✔ result[2] matches expected (0.047532ms)
    ✔ result[3] matches expected (0.036795ms)
    ✔ result[4] matches expected (0.018487ms)
    ✔ result[5] matches expected (0.018788ms)
  ✔ ternary-kleene.lino (0.31895ms)
  ▶ typed-kernel-links.lino
    ✔ produces the expected number of results (0.049955ms)
    ✔ result[0] matches expected (0.017136ms)
    ✔ result[1] matches expected (0.018138ms)
    ✔ result[2] matches expected (0.016495ms)
    ✔ result[3] matches expected (0.017747ms)
  ✔ typed-kernel-links.lino (0.176666ms)
✔ shared examples (root /examples folder) (14.202165ms)
▶ shared test corpus (root /test-corpus folder)
  ✔ every .lino file is covered by expected.lino (1.081949ms)
  ✔ expected.lino has no orphan entries (0.137658ms)
  ▶ evaluator-operators.lino
    ✔ has no diagnostics (0.341384ms)
    ✔ produces the expected number of results (0.162334ms)
    ✔ result[0] matches expected (0.211989ms)
    ✔ result[1] matches expected (0.105348ms)
    ✔ result[2] matches expected (0.112769ms)
    ✔ result[3] matches expected (0.07959ms)
    ✔ result[4] matches expected (0.095854ms)
    ✔ result[5] matches expected (0.141533ms)
    ✔ result[6] matches expected (0.14603ms)
    ✔ result[7] matches expected (0.103476ms)
    ✔ result[8] matches expected (0.055454ms)
    ✔ result[9] matches expected (0.091087ms)
    ✔ result[10] matches expected (0.097998ms)
    ✔ result[11] matches expected (0.067312ms)
    ✔ result[12] matches expected (0.050105ms)
    ✔ result[13] matches expected (0.036525ms)
    ✔ result[14] matches expected (0.095093ms)
    ✔ result[15] matches expected (0.036716ms)
    ✔ result[16] matches expected (0.024567ms)
    ✔ result[17] matches expected (0.028633ms)
    ✔ result[18] matches expected (0.025138ms)
  ✔ evaluator-operators.lino (2.794629ms)
✔ shared test corpus (root /test-corpus folder) (4.978216ms)
✔ public evaluator cannot report structural-equality proofs for different shapes (8.947063ms)
✔ public structural equality preserves shape and scalar coercion (0.267412ms)
✔ direct-structural: repeated variables respect leaf/list identity in both reducers (3.714473ms)
✔ direct-structural: display collisions cannot manufacture proofs or cycles (3.632349ms)
✔ direct-structural: foundation matching distinguishes raw shapes (22.89813ms)
✔ direct-structural: quoted proof contexts retain exact shape identity (39.459479ms)
✔ s-k: repeated variables respect leaf/list identity in both reducers (55.320191ms)
✔ s-k: display collisions cannot manufacture proofs or cycles (38.306062ms)
✔ s-k: foundation matching distinguishes raw shapes (123.929404ms)
✔ s-k: quoted proof contexts retain exact shape identity (3531.461657ms)
✔ direct-structural: inference cannot satisfy a repeated variable with different shapes (0.885754ms)
✔ s-k: inference cannot satisfy a repeated variable with different shapes (7.495006ms)
✔ horn-relational: inference cannot satisfy a repeated variable with different shapes (0.436007ms)
✔ horn-relational fact identity separates display collisions (0.321794ms)
▶ runTactics applies link tactics to proof states
  ✔ closes an equality goal with (by reflexivity) (2.199962ms)
  ✔ parses tactic text before applying links (2.798204ms)
  ✔ rejects tactic text that is not LiNo instead of running part of it (0.773966ms)
  ✔ transforms equality goals with symmetry and transitivity (1.083101ms)
  ✔ introduces Pi binders into the current proof context (0.424739ms)
  ✔ adds assumptions with suppose and closes them with exact (0.246651ms)
  ✔ rewrites the current goal using an equality link (0.478721ms)
  ✔ rewrites in the requested direction (0.328495ms)
  ✔ rewrites only the selected occurrence (0.244939ms)
  ✔ simplifies the current goal with configured rewrite rules (0.526002ms)
  ✔ stops simplification when the termination guard is reached (0.250126ms)
  ✔ runs per-case tactic links during induction (0.168574ms)
  ✔ reports a structured diagnostic with the current goal when a tactic fails (0.347853ms)
  ✔ exports first-order goals and context to TPTP fof problems (0.538831ms)
  ✔ parses SZS statuses from ATP output (0.275134ms)
  ✔ closes the current goal with a configured ATP proving status (51.909286ms)
  ✔ reports ATP failure modes without closing the goal (54.226905ms)
  ✔ closes a goal with (by smt) when the configured solver returns unsat (47.923784ms)
  ✔ reports unknown from the SMT solver without closing the goal (50.496398ms)
  ✔ reports SMT solver timeouts without closing the goal (21.728459ms)
✔ runTactics applies link tactics to proof states (238.650612ms)
▶ (template ...) declarations
  ✔ expands a reusable assignment shape before evaluation (7.157438ms)
  ✔ is available through the legacy run() helper (1.962034ms)
  ✔ expands nested template uses until ordinary forms remain (1.06929ms)
  ✔ renames introduced binders so placeholder arguments are not captured (1.95892ms)
✔ (template ...) declarations (13.080016ms)
▶ (define ...) declarations are parsed and stored
  ✔ records the case clauses on the Env (7.633094ms)
  ✔ records an explicit lexicographic measure when provided (1.632999ms)
  ✔ rejects a definition with no clauses (0.597219ms)
  ✔ rejects a malformed case clause (0.487384ms)
  ✔ rejects an unknown clause shape (0.548746ms)
  ✔ rejects a malformed measure body (1.626389ms)
✔ (define ...) declarations are parsed and stored (13.546238ms)
▶ (terminating ...) verifies structural decrease
  ✔ accepts `plus` (decrease on first argument) (1.196311ms)
  ✔ accepts `append` on lists (0.747326ms)
  ✔ rejects Ackermann without an explicit measure (1.085314ms)
  ✔ accepts Ackermann with a lexicographic measure on (m, n) (1.000857ms)
  ✔ rejects a definition that recurses on the same head (0.732213ms)
  ✔ reports a counter-witness when only one clause fails (0.808328ms)
  ✔ rejects a `(terminating ...)` for an undeclared definition (0.445151ms)
  ✔ rejects a malformed `(terminating ...)` (0.421815ms)
✔ (terminating ...) verifies structural decrease (6.849705ms)
▶ isTerminating API surface
  ✔ returns ok=true with empty diagnostics on a terminating definition (0.601977ms)
  ✔ returns ok=false with diagnostics when a clause fails to decrease (0.831462ms)
  ✔ returns ok=true for Ackermann with a lex measure (0.847476ms)
✔ isTerminating API surface (2.444651ms)
▶ link-defined theory implementation verification
  ✔ verifies a previously unknown logic without host-language adapters (53.028942ms)
✔ link-defined theory implementation verification (53.790649ms)
▶ meta-theory network
  ✔ accounts for the complete pinned Lean and Rocq declaration corpus (1400.896983ms)
  ✔ rejects an incomplete or self-authorized formal corpus (3496.666265ms)
  ✔ expands the doublet and derived triplet definitions through an import (11.940209ms)
  ✔ loads the bundled theory network losslessly through meta-language (11789.02333ms)
  ✔ makes RML depend on Links Theory and closes the set/type/self cycle (11577.082776ms)
  ✔ maps terms from every theory into a shared concept address (11726.116132ms)
  ✔ accepts user theories without hard-coded theory names (11637.973633ms)
  ✔ accepts user-defined linked semantics without host source changes (142.929638ms)
  ✔ rejects ambiguous term addresses (103.609819ms)
  ✔ rejects definition links without a declared implementation witness (103.28507ms)
  ✔ rejects the bundled network when every definition witness reference is missing (144.288464ms)
  ✔ rejects the network when all declared implementations are non-executable (152.56719ms)
  ✔ rejects an implementation rebound to a different theory definition (208.883078ms)
  ✔ rejects an implementation whose declared obligations are incomplete (182.082135ms)
  ✔ rejects undeclared implementation contract clauses (146.142094ms)
  ✔ rejects typed implementations when a kernel derivation no longer replays (2528.519936ms)
  ✔ rejects valid typed witnesses that establish unrelated judgements (2596.857251ms)
  ✔ rejects a witness whose proof object is missing or proves another definition (431.111277ms)
  ✔ rejects a definition proof after one capability premise is corrupted (225.909259ms)
  ✔ rejects candidates that attempt to authorize their own proofs (152.852599ms)
✔ meta-theory network (58761.204643ms)
▶ graph theory as a constrained links-network subset
  ✔ enforces typed doublet endpoints and records the dependent pair type (0.744561ms)
  ✔ provides a selectable recursively linked default type ontology (0.528286ms)
  ✔ leaves the default type ontology to the callers that select it (7.823161ms)
  ✔ stores directed graphs as vertex-membership and typed edge links (0.522447ms)
✔ graph theory as a constrained links-network subset (9.89454ms)
▶ finite relational algebra represented by links
  ✔ executes converse, union, intersection, and typed composition (1.413759ms)
✔ finite relational algebra represented by links (1.483965ms)
▶ doublet sequence representation
  ✔ executes the independent extensional-membership set interpretation (0.340222ms)
  ✔ encodes balanced, left-staircase, and right-staircase trees as links (0.482376ms)
  ✔ round-trips an ordered set as nested doublets without duplicates (0.357759ms)
  ✔ canonicalizes an extensional set to one sorted unique link tree (0.201654ms)
  ✔ unfolds direct self-reference only to the requested finite prefix (0.1595ms)
  ✔ unfolds indirect self-reference and reports its cycle (0.181724ms)
✔ doublet sequence representation (1.94585ms)
▶ (relation ...) declarations are parsed and stored
  ✔ records the clause list on the Env (7.69019ms)
  ✔ rejects a relation declaration with no clauses (0.717661ms)
  ✔ rejects a clause whose head differs from the relation name (0.527885ms)
✔ (relation ...) declarations are parsed and stored (9.766267ms)
▶ (total ...) verifies structural decrease
  ✔ accepts `plus` (recursion on the first +input) (1.431315ms)
  ✔ accepts `le` (recursion shrinks both inputs) (0.940386ms)
  ✔ accepts `append` on lists (1.812118ms)
  ✔ rejects a relation that recurses without structural decrease (0.818552ms)
  ✔ reports a counter-witness when only one clause fails (0.997331ms)
  ✔ rejects a `(total ...)` for an undeclared relation (0.469887ms)
  ✔ rejects a `(total ...)` when modes are present but no clauses are (0.523989ms)
  ✔ rejects a malformed `(total ...)` (0.36522ms)
✔ (total ...) verifies structural decrease (7.791973ms)
▶ isTotal API surface
  ✔ returns ok=true with empty diagnostics on a total relation (0.629298ms)
  ✔ returns ok=false with diagnostics when a clause fails to decrease (0.515757ms)
✔ isTotal API surface (1.249251ms)
▶ evaluate() with trace: true returns trace events
  ✔ returns no trace array when trace is not enabled (5.416997ms)
  ✔ returns a deterministic, non-empty trace when trace is enabled (3.38649ms)
  ✔ produces the same trace on repeated runs (determinism) (2.001754ms)
  ✔ does not affect query results when enabled (3.106698ms)
✔ evaluate() with trace: true returns trace events (14.82954ms)
▶ TraceEvent shape and span tracking
  ✔ records a resolve event for (and: avg) with the operator span (0.469577ms)
  ✔ records an assign event for ((p) has probability v) (0.362305ms)
  ✔ records a lookup event when an assigned equality fires (0.606654ms)
  ✔ records an eval event per top-level form (0.792613ms)
✔ TraceEvent shape and span tracking (2.502158ms)
▶ formatTraceEvent formats span and kind
  ✔ renders [span <file>:<line>:<col>] <kind> <detail> (0.343758ms)
  ✔ falls back to <input> when the span has no file (0.293332ms)
✔ formatTraceEvent formats span and kind (0.786815ms)
▶ Phase 5 — links-defined typed kernel
  ✔ typed-kernel-links foundation is pre-registered (3.621513ms)
  ✔ lib/self/foundations.lino documents the typed-kernel-links foundation (0.49814ms)
  ✔ pi-formation derives a well-formed Pi type (9.219373ms)
  ✔ lambda-introduction types the identity function on Nat (1.568171ms)
  ✔ application-elimination applies a typed function and substitutes the codomain (1.71302ms)
  ✔ beta-conversion preserves typing through a redex reduction (1.977528ms)
  ✔ rejects a derivation that contradicts the typing rule (1.575282ms)
  ✔ runs the full Phase 5 example end-to-end with no diagnostics (6.236572ms)
  ✔ reports the complete typed-kernel boundary in foundation-report (0.984282ms)
  ✔ lib/self/foundations.lino declares conversion at the host boundary (0.329527ms)
  ✔ runs a nontrivial typed derivation with every kernel dependency visible (4.899948ms)
✔ Phase 5 — links-defined typed kernel (34.027991ms)
✔ installed upstream files and both dependency locks match the official source pin (38.538953ms)
✔ upstream grammar, aliases, bindings and snapshots: JavaScript (204.188852ms)
✔ upstream grammar, aliases, bindings and snapshots: Rust (142.652209ms)
✔ upstream grammar, aliases, bindings and snapshots: Lean (89.117726ms)
✔ upstream grammar, aliases, bindings and snapshots: Rocq (113.597267ms)
✔ upstream retains malformed syntax with diagnostics: JavaScript (190.775474ms)
✔ upstream retains malformed syntax with diagnostics: Rust (62.728948ms)
✔ upstream retains malformed syntax with diagnostics: Lean (67.888138ms)
✔ upstream retains malformed syntax with diagnostics: Coq (140.145043ms)
✔ upstream project and construct facts retain unavailable elaboration: JavaScript (61.38099ms)
✔ upstream project and construct facts retain unavailable elaboration: Rust (50.611372ms)
✔ upstream project and construct facts retain unavailable elaboration: Lean (103.075333ms)
✔ upstream project and construct facts retain unavailable elaboration: Rocq (38.389328ms)
✔ upstream binding edits preserve shadowing, literals and properties and reject capture (1702.140082ms)
✔ upstream structured construction, query, replace, insert, delete, clone and move cover four languages (168.39283ms)
✔ upstream all twelve directed translations return semantic contracts for the shared output program (11.086514ms)
✔ upstream unsupported translation stays a reversible source envelope with no semantic claim (1.671437ms)
✔ upstream multi-file resolution and missing-context diagnostics: JavaScript (389.5616ms)
✔ upstream multi-file resolution and missing-context diagnostics: Rust (199.387632ms)
✔ upstream multi-file resolution and missing-context diagnostics: Lean (327.6747ms)
✔ upstream multi-file resolution and missing-context diagnostics: Rocq (154.464025ms)
▶ (world ...) declarations are parsed and stored
  ✔ records the allowed-constant list on the Env (6.03656ms)
  ✔ records multiple allowed constants (1.688342ms)
  ✔ rejects a declaration with a non-symbolic relation name (0.818131ms)
  ✔ rejects a declaration without an allowed-constant list (0.420504ms)
  ✔ rejects a declaration whose constants are not bare symbols (0.705162ms)
✔ (world ...) declarations are parsed and stored (10.662105ms)
▶ call-site world checking
  ✔ rejects a call with a free constant outside the declared world (1.112576ms)
  ✔ accepts a call whose arguments only mention declared constants (1.768012ms)
  ✔ accepts numeric arguments unconditionally (0.605622ms)
  ✔ does not check calls when no world is declared (0.44493ms)
  ✔ reports each violation separately across multiple calls (0.831041ms)
  ✔ treats free constants inside nested terms as violations (0.671702ms)
✔ call-site world checking (5.829568ms)
▶ relation declarations are independent from world checking
  ✔ does not check (relation ...) clauses against the world (0.716128ms)
✔ relation declarations are independent from world checking (0.819384ms)
▶ world declarations interoperate with mode/total checks
  ✔ coexists with (mode ...) and (total ...) declarations (1.073887ms)
✔ world declarations interoperate with mode/total checks (1.164203ms)
ℹ tests 2240
ℹ suites 277
ℹ pass 2240
ℹ fail 0
ℹ cancelled 0
ℹ skipped 0
ℹ todo 0
ℹ duration_ms 622886.348559
build-cache: before=2496507 after=2495434 reclaimed=1073 budget=1073741824 bytes; 1 protected paths; within budget
npm notice
npm notice New major version of npm available! 11.9.0 -> 12.2.0
npm notice Changelog: https://github.com/npm/cli/releases/tag/v12.2.0
npm notice To update run: npm install -g npm@12.2.0
npm notice
